"Wavelength","Rad_mean","Rad_sd"
350,0.0140819863742217,0.000491623465632423
351,0.0144759425707161,0.000509661305624719
352,0.0148224718077108,0.000521256528469474
353,0.0151516537973657,0.000531402937477889
354,0.0154963746946305,0.000545152308629254
355,0.0157684995653108,0.000556959613844549
356,0.0162217317475006,0.000570817030258953
357,0.0167265714239329,0.000584571154558225
358,0.0170749743562192,0.000596247432940008
359,0.0176575279096141,0.000618189353013491
360,0.018260488412343,0.000643130951156938
361,0.0188441026303917,0.000668278628042113
362,0.0195609014807269,0.000697135838875431
363,0.0203153649531305,0.000735464037497662
364,0.0210225024539977,0.000769939158065113
365,0.0216384741012007,0.000793440061935577
366,0.0222034932486713,0.000817195243842835
367,0.0226488970592618,0.000830467653733632
368,0.0230602686479688,0.000839324174375546
369,0.0235040163528174,0.000851120451351772
370,0.0237421318050474,0.000856573439945697
371,0.024055285891518,0.000863149871919252
372,0.0243925061635673,0.000871330660527497
373,0.0245270934328437,0.000877969238300456
374,0.0248175055906177,0.00088934041689478
375,0.0251237996201962,0.000898598094941278
376,0.0253783044870943,0.00090365223443099
377,0.0257074667979032,0.000911527828781004
378,0.0259387408010662,0.000922757229803649
379,0.0260326795838773,0.000931389042143582
380,0.0260413707140833,0.000931850692849788
381,0.026163017237559,0.00092575246676288
382,0.0262676469329745,0.000916035298006546
383,0.0264262927416712,0.000911579544346088
384,0.0267868708074093,0.000922447797682001
385,0.027215469321236,0.000945584754010768
386,0.0278006383124739,0.000977146040749002
387,0.028536166921258,0.00101270943103297
388,0.0292777720931917,0.00104715039234779
389,0.0299858481157571,0.00106941387189989
390,0.0306867652386427,0.00108631391726398
391,0.0314411709923297,0.00110605743556173
392,0.0323397620394826,0.00112688699207856
393,0.0334539104718715,0.00115503889717889
394,0.0348549002967775,0.00119595948194166
395,0.0366130012180656,0.00125577437719556
396,0.0388564691226929,0.00134929317757173
397,0.041359246596694,0.00145910851396145
398,0.0439572077989578,0.00157242303624097
399,0.0466209371760488,0.00168617277934441
400,0.0490675025619566,0.00178862461499341
401,0.0511961086280644,0.00187440398767409
402,0.0529517256096005,0.00193842320556188
403,0.054316740911454,0.00197235461938264
404,0.055248340703547,0.00198697848178252
405,0.0560192514583468,0.00199644421924591
406,0.0569434928521514,0.0020137978017686
407,0.057702057287097,0.00203656895060202
408,0.058608450833708,0.00207428666461428
409,0.0596935324557126,0.00212280909963656
410,0.0606732038222253,0.00216417964650388
411,0.0617168439179659,0.00220333712905108
412,0.0626824055612087,0.00223529039556196
413,0.0634846606105566,0.00225982617687495
414,0.0643264376372099,0.00229247763644756
415,0.0649388240464032,0.00231731260719134
416,0.0653825747594237,0.00233256386497192
417,0.0658335562981665,0.00234346662748813
418,0.0662776646576822,0.00235885652748473
419,0.0666150721721351,0.00237095176994378
420,0.0668599539250135,0.00238069050380889
421,0.0671395966038108,0.00239851963996289
422,0.0672273236513138,0.00241235936077006
423,0.0672062904946506,0.00241660015626472
424,0.0670996780134737,0.00240573455601909
425,0.0666054565273225,0.00236828500203959
426,0.0662009191326797,0.00233808394212237
427,0.0660343707352877,0.00232463976181083
428,0.0661335859820247,0.00232607604391254
429,0.0667126791924238,0.00234382846664675
430,0.0677427954226732,0.00238275217998267
431,0.0691869812645018,0.00244743397207175
432,0.071025224942714,0.00254144469407145
433,0.0730861032381654,0.00264061773780481
434,0.0750425622239709,0.00272390478232126
435,0.0766749258153141,0.00278121386321115
436,0.0781264857016504,0.00282620628982206
437,0.0795390990003943,0.00287436805344654
438,0.0809851092286408,0.0029274428144435
439,0.0824912215396762,0.00298010083656863
440,0.0841113524511456,0.00304143111908647
441,0.0857468880712986,0.00311125233439432
442,0.0873461759462953,0.00318409342396735
443,0.0889522441476583,0.00324922401947676
444,0.0904955507069826,0.00330225999201955
445,0.0919749499112368,0.00335052002457417
446,0.0934202871471643,0.00340374532474362
447,0.0949043658748269,0.00346660141939763
448,0.0963241073861718,0.0035284084470311
449,0.0975450553745031,0.00357663973908819
450,0.0984307830035686,0.00360067227276991
451,0.0990610920265317,0.00362242973581792
452,0.0995713473856449,0.00363892474107833
453,0.100064007528126,0.0036502207305948
454,0.100524416305125,0.00366779591340315
455,0.101233754083514,0.00370155133881956
456,0.102061056979001,0.00374421712137895
457,0.102786146141589,0.00378282278143095
458,0.10360888697207,0.00381586661938523
459,0.104350918158889,0.00384113825822402
460,0.104939975701272,0.00386297141914819
461,0.105426498763263,0.00389088388169931
462,0.105753405950964,0.00390596280666172
463,0.105892105586827,0.00390425552793348
464,0.1058767606318,0.00389055244092716
465,0.10585163846612,0.00388128717477885
466,0.105883802846074,0.00387866238524686
467,0.106083760112524,0.00388571384249498
468,0.106541887298226,0.00390368481689627
469,0.107128772586584,0.0039254138617079
470,0.107845735214651,0.0039508197186933
471,0.108640448078513,0.00398110926017496
472,0.109382038637996,0.00401845349595085
473,0.110044803842902,0.00405243651321431
474,0.110651735514402,0.00407759630727847
475,0.111268713399768,0.00409535215223059
476,0.112036956772208,0.00412344419094353
477,0.112856457456946,0.00416076695239926
478,0.113678293675184,0.00420335720395438
479,0.11444828659296,0.00424336824509134
480,0.114738048128784,0.00426146498070514
481,0.114340222552419,0.00424755936952849
482,0.113205048069358,0.00419844159729584
483,0.111426919698715,0.00411704335905254
484,0.109745862148702,0.00403331352963867
485,0.108684931285679,0.00397227313378402
486,0.108618562966585,0.00395680536301752
487,0.109683030471206,0.00401059850657197
488,0.111286343447864,0.00409468216134615
489,0.112877428345382,0.00417192799011598
490,0.114025227315724,0.00421351075194728
491,0.114916642047465,0.00423738983071475
492,0.115720090270042,0.00426068983058822
493,0.116526319906116,0.00429400875926988
494,0.117246303074062,0.00433276931862202
495,0.117621869556606,0.00435349765085305
496,0.117562818191946,0.00434866467171282
497,0.117104084976018,0.00432283326308097
498,0.116368624158204,0.00429191672398159
499,0.115668617896736,0.00426413321338121
500,0.115272496044636,0.00424466987207544
501,0.115353177115321,0.00423526623267525
502,0.116008128225803,0.00425935561822033
503,0.116983618289232,0.00430453897228837
504,0.117914747186005,0.00434636616231416
505,0.11857595924288,0.00436715990466805
506,0.119030709080398,0.00437835047852558
507,0.119356415346265,0.00438798808920625
508,0.119626813158393,0.00439968371128035
509,0.119872646592557,0.00441487365032236
510,0.11989019561559,0.0044197369917389
511,0.119488086104393,0.00440444091288557
512,0.118596961162984,0.00437531375436631
513,0.117149090729654,0.00432459202937144
514,0.115346698388457,0.00425475256951285
515,0.113604605682194,0.00417760947745331
516,0.112587270885706,0.00412216987964361
517,0.112823700420558,0.00412363396185399
518,0.114310608655214,0.00418754547985164
519,0.116397241540253,0.0042811948725085
520,0.118375816196203,0.00436228366485619
521,0.119925018176436,0.00442608253622594
522,0.120866885408759,0.00447480030579347
523,0.120934500657022,0.00448694645061631
524,0.12040340423584,0.00445878859627743
525,0.119842736907303,0.00441472799969957
526,0.120009347572923,0.00440073063777426
527,0.121167189441621,0.00444657659239945
528,0.122733256071806,0.0045198885036397
529,0.123975327387452,0.00457923530221507
530,0.124141077697277,0.00458832861542388
531,0.123878894671798,0.00457369784825038
532,0.123756265938282,0.00456595277036151
533,0.124200531356037,0.00459161243141405
534,0.124851511493325,0.0046310429390025
535,0.125291595570743,0.0046613834117882
536,0.125221538729966,0.00466701418121305
537,0.124493558481336,0.00464172672302933
538,0.123696220479906,0.00461110448482027
539,0.123145376220345,0.0045865409890493
540,0.123048809096217,0.0045775729792202
541,0.123581290841103,0.00460645059311067
542,0.12439247071743,0.00463900336169434
543,0.125142230726779,0.00466215042288
544,0.125533009693027,0.00467998561700356
545,0.125605742223561,0.00468264248680422
546,0.125573052763939,0.00467618576500378
547,0.125631505772471,0.00467060985446031
548,0.12588013689965,0.00467844418687522
549,0.126110980883241,0.00469124481585231
550,0.126285996772349,0.00470407913585608
551,0.12645430855453,0.00471435683300478
552,0.12674385972321,0.00472829637778861
553,0.126913412436843,0.00474042506520412
554,0.126692943908274,0.00473846229077264
555,0.125819552540779,0.00470299481164965
556,0.124544631429017,0.00464590510622735
557,0.1234075544402,0.00458960432334619
558,0.122897609695792,0.0045575254123841
559,0.123098736703396,0.0045667495320596
560,0.123581125922501,0.00459382848781957
561,0.123984153456986,0.00461702606045979
562,0.12404530543834,0.00461896847016237
563,0.123790812715888,0.0046071096275094
564,0.12343939781189,0.00459167154013069
565,0.123181461580098,0.00458318438150022
566,0.123104889914393,0.00459424441461301
567,0.122762551233172,0.00459781785927999
568,0.122144696637988,0.00458231398389884
569,0.121519078873098,0.00454971700610037
570,0.121495883651078,0.00453888678108162
571,0.121909793578088,0.00454654881775717
572,0.122304735891521,0.00455229771569856
573,0.121955234147608,0.00451872540941871
574,0.121218200735748,0.00447098200803917
575,0.120505556836724,0.00443379989263826
576,0.120179914534092,0.00442442824078421
577,0.120231354758143,0.00442796445232131
578,0.120799956917763,0.00445890524776148
579,0.121847158893943,0.00451681905172581
580,0.123151304386556,0.00458652210993564
581,0.124253325238824,0.00463623697809293
582,0.124796826653182,0.0046661025247931
583,0.124650176428258,0.00467959813308117
584,0.124060389176011,0.00466989394666534
585,0.123402549289167,0.00465656284839851
586,0.122345994822681,0.00462557826365201
587,0.120463206991553,0.00455791212416309
588,0.118915921635926,0.00449868808711296
589,0.119194167926908,0.00453437045632365
590,0.121288897283375,0.00466282403671468
591,0.123171913065016,0.00475936866850858
592,0.124080482050776,0.0047984261777944
593,0.124285595975816,0.00479564938945333
594,0.124390748031437,0.00478215506787382
595,0.124599232263863,0.00477440461340516
596,0.124540823064744,0.00476121994047499
597,0.124194388501346,0.00474275353191952
598,0.123835844099522,0.00472817253679279
599,0.123502135053277,0.00471099257436338
600,0.123311153165996,0.00469108518238339
601,0.123493460454047,0.00468074394759727
602,0.124596388787031,0.00472172978866496
603,0.12569205917418,0.00476089851731583
604,0.1264140823856,0.00478818590596722
605,0.126711046099663,0.00481265524429653
606,0.126833129785955,0.00483652245338148
607,0.126751039847732,0.00484762167715836
608,0.126557469889522,0.00485114174089948
609,0.126544000171125,0.00487718908170126
610,0.126605736352503,0.00491232399609057
611,0.126525018215179,0.00493504809704615
612,0.126144964359701,0.00492969850747725
613,0.125674293227494,0.00491155218269563
614,0.124976033233106,0.00487986801256389
615,0.124394632652402,0.00484944028697995
616,0.12460333622992,0.00484564768077331
617,0.125586146712303,0.00487738613841591
618,0.126556051746011,0.00490739021160144
619,0.126871718540788,0.00490633314108379
620,0.126433396115899,0.00487612103993703
621,0.125419537089765,0.00482304037023835
622,0.124175020381808,0.00476365591933079
623,0.123105804547668,0.0047179934549182
624,0.122426138296723,0.00469494731456572
625,0.121770505346358,0.00467879631306307
626,0.120848347321153,0.00464876243988766
627,0.119528464451432,0.00458128442660258
628,0.119104426763952,0.00455849880858745
629,0.119478641152382,0.00457299791383985
630,0.12022689845413,0.00459875513796757
631,0.121286353394389,0.00463552269909815
632,0.122372024618089,0.00468570758110392
633,0.123289758935571,0.00473709125661329
634,0.123964661024511,0.00476917558023754
635,0.12474287237972,0.00478619193896761
636,0.125650644265115,0.00480578643068219
637,0.126411212161183,0.00483366084313689
638,0.126240799576044,0.00485144563342058
639,0.125677022486925,0.00482806990272249
640,0.125364842861891,0.00479426764218229
641,0.125789539888501,0.00479839654514389
642,0.126361799053848,0.00484173384348602
643,0.126575408168137,0.00487191787687966
644,0.12625020544976,0.00486354005817399
645,0.125565875172615,0.00482463563579192
646,0.124985355436802,0.00479188809692892
647,0.124384788684547,0.00476245718881494
648,0.123828734382987,0.00473839028421962
649,0.124344508685172,0.00476619749671066
650,0.125380282215774,0.004812601011247
651,0.126314041428268,0.00485173574578199
652,0.1263819674775,0.00485887507218703
653,0.12455559246242,0.00480323706077154
654,0.120086326301098,0.00464203465373138
655,0.115238946117461,0.00444849842872973
656,0.116644373163581,0.00446612170616706
657,0.121400731466711,0.00464055244612083
658,0.125818050689995,0.00481990717568144
659,0.127184960357845,0.00487672145645769
660,0.128273041173816,0.00493572200099507
661,0.128717059157789,0.00497242416048527
662,0.128616602905095,0.00498127784523251
663,0.128486434146762,0.00497676080480504
664,0.128736950196326,0.00500675984874997
665,0.128920478746295,0.00502424945494638
666,0.12881626535207,0.00500319248376266
667,0.129065687693655,0.00499697781097034
668,0.12916570391506,0.0049969937887759
669,0.128875673338771,0.004985354892077
670,0.128220505155623,0.00494871288997821
671,0.128025298975408,0.00492646578137405
672,0.128222185447812,0.00493825682427656
673,0.128520104847848,0.00496994615027762
674,0.128485775329173,0.00497421590759515
675,0.128523695729673,0.00496057026406404
676,0.128610224314034,0.00495692008449204
677,0.12864513784647,0.00497906462159061
678,0.128567205071449,0.00499825483439952
679,0.128410474918783,0.00500287462425782
680,0.12824655815959,0.00499216354356606
681,0.128088325969875,0.00496984152437454
682,0.127513159252703,0.00491818527574153
683,0.126568981073797,0.00488462909662522
684,0.123285727649927,0.00480751608856634
685,0.112868713140488,0.00447011322507842
686,0.101021429598331,0.00395624303612369
687,0.0956071332842112,0.00365668300933155
688,0.100543830692768,0.00383107606952084
689,0.105195634923875,0.0040145653221035
690,0.110258212797344,0.00421675999366598
691,0.114843876026571,0.00440228342122515
692,0.117275275625288,0.00451499755206482
693,0.118367957137525,0.00457333452978908
694,0.119562567584217,0.00462394913247507
695,0.12138400901109,0.0046933255515789
696,0.12277006752789,0.00477179253761667
697,0.122568419203162,0.00477272516214957
698,0.12139301519841,0.00471805068078599
699,0.120363823994994,0.00466509651246459
700,0.119699758626521,0.00464239624482313
701,0.119856730140746,0.00465074812410645
702,0.120835328288376,0.00468557016972667
703,0.122169931717217,0.00473528770847302
704,0.122817122191191,0.00476295809905155
705,0.123039382174611,0.00477805857377582
706,0.123166006691754,0.00479121775267208
707,0.123167493976653,0.00479840953671078
708,0.123210032507777,0.0047998775997006
709,0.123277306258678,0.00480574483248391
710,0.123240016698837,0.00482156730992377
711,0.122843249700964,0.00481745928371822
712,0.12244078475982,0.00480598537419807
713,0.121819726377726,0.00478461768893986
714,0.120152991749346,0.00473160646538498
715,0.115539559572935,0.00456920455536366
716,0.108567426800728,0.00429611495285165
717,0.101443148292601,0.00398660641736655
718,0.0983733435347676,0.00382221675509156
719,0.100705203488469,0.00387795607180675
720,0.106221118196845,0.00410292855161885
721,0.110674724727869,0.00434422239659045
722,0.108682446666062,0.00428527145054265
723,0.105598914399743,0.00415704632389917
724,0.104457229226828,0.0041043162518012
725,0.105339169353247,0.00415090775973749
726,0.105624121651053,0.00415784092914023
727,0.10549268450588,0.0041348444397431
728,0.105659394748509,0.00412347770292823
729,0.106762896180153,0.00417120826087631
730,0.108762829490006,0.00425008074387978
731,0.111610367186367,0.00436121695908238
732,0.114853692874312,0.0044971725773694
733,0.116616915278137,0.00457558297873441
734,0.116863585300744,0.00458751843342886
735,0.116439132578671,0.0045761552131318
736,0.116719804517925,0.00461711024095847
737,0.116597149260342,0.0046371367212614
738,0.1164212372154,0.00462980848715153
739,0.116500251926482,0.00460615007734081
740,0.116592256724834,0.00458596960986044
741,0.117236281298101,0.00460424446395954
742,0.118103374987841,0.00465077844027644
743,0.118641967512667,0.0046947829570709
744,0.118731557503343,0.00470320635630137
745,0.118832233697176,0.00470197220935009
746,0.118935288004577,0.00470272356024066
747,0.118675897978246,0.00470230166641345
748,0.118081174902618,0.00467711125788129
749,0.117518256567419,0.00465027391481936
750,0.11725171584636,0.00463885620279703
751,0.117289214916527,0.00463741309267151
752,0.117528895102441,0.0046628738240616
753,0.117655013985932,0.00470106249866796
754,0.117378290630877,0.00472760703113262
755,0.117036030814052,0.00472465580744057
756,0.115615509189665,0.00471439485787109
757,0.1056847704947,0.0044072905041631
758,0.0788014529086649,0.00341395239465084
759,0.046688921302557,0.001984522987602
760,0.030864449525252,0.00120534546097949
761,0.0349316692445427,0.00133438864890769
762,0.0386800815165043,0.00147463832447262
763,0.0467068343237042,0.00175416916918684
764,0.0600784734264016,0.00226364033773308
765,0.0773707125894725,0.00298915215583408
766,0.0922841167449951,0.00363722898446624
767,0.10262763440609,0.00410056466744697
768,0.108470705486834,0.00436997505468982
769,0.111390262655914,0.00450202757449109
770,0.112911848649383,0.00454405405408601
771,0.113730015829205,0.00456041361141617
772,0.11414344061166,0.00458231406969167
773,0.114152806997299,0.00460611926223476
774,0.114310349784792,0.00461124945539998
775,0.114519570767879,0.00459551035115721
776,0.114564665704966,0.00457018028118605
777,0.114227213710546,0.00456194854132399
778,0.114063857197762,0.00457669761221853
779,0.114117000028491,0.00459948250233898
780,0.114225316308439,0.00461210437893557
781,0.114195981398225,0.0046153613852149
782,0.11390781223774,0.00460531570400329
783,0.113608159758151,0.0045911685541657
784,0.113648063242435,0.00458638586296571
785,0.113407381363213,0.00457586250922887
786,0.112789885513485,0.00455435846579519
787,0.111909698210657,0.00452347360569088
788,0.111053269654512,0.00449193345551235
789,0.110353131182492,0.00447227414667227
790,0.109681356847286,0.00444781274208924
791,0.108987713009119,0.00441047146850497
792,0.108517985716462,0.0043851973841491
793,0.108444606997073,0.00437935959578992
794,0.108667354136705,0.00438657060282473
795,0.109008834734559,0.00439816397305398
796,0.109570727795362,0.00442712690044475
797,0.109734644442797,0.00443679283325201
798,0.109335757344961,0.00441541226360344
799,0.108631635308266,0.00437688238858176
800,0.108335028477013,0.00437356932125479
801,0.108185598775744,0.00438476352066468
802,0.108015807308257,0.00439263792517428
803,0.107930607348681,0.00439509018964717
804,0.108261242136359,0.00440974483317612
805,0.108614505343139,0.00442137917458527
806,0.108527536019683,0.00441490991451157
807,0.107716770581901,0.00438941234600529
808,0.106802019737661,0.00436704897103019
809,0.105910413190722,0.00434269697450857
810,0.104779201187193,0.00429676229618204
811,0.102496872767806,0.0041988526535971
812,0.0990318509563804,0.00405903523749087
813,0.0949916942417622,0.00390026452113438
814,0.0914048762246966,0.00375464553178107
815,0.0890735203400254,0.00365207318296612
816,0.0882772321999073,0.00360707720015648
817,0.0890041236951947,0.00362483794327224
818,0.0909335558488965,0.00369980857089594
819,0.0931491416692734,0.0038069990962316
820,0.0932243403419852,0.00381200754727942
821,0.0909455452859402,0.00369076897687666
822,0.0900333583727479,0.00362816966440898
823,0.0928432441130281,0.003764576687326
824,0.0964571909606457,0.00393992986536958
825,0.0975463880598545,0.00397689829852813
826,0.0963345944881439,0.00391403652821713
827,0.0951248379424214,0.00386138073802772
828,0.0948891345411539,0.00386307816557632
829,0.0956195753440261,0.00391271300017063
830,0.0961613547429442,0.0039460809430204
831,0.0966066863387823,0.00395511223903584
832,0.0973513846844435,0.00396861055555103
833,0.0988281956315041,0.00403010471680979
834,0.100428413487971,0.00410472586003312
835,0.101665138565004,0.0041640020462006
836,0.102417882531881,0.00420046951687483
837,0.102966320812702,0.00422957798882345
838,0.103418565019965,0.00424404253790089
839,0.103731980472803,0.00425342748255511
840,0.103846593499184,0.00425845820940361
841,0.103729315884411,0.00424002680251076
842,0.10361365865916,0.00423558946526997
843,0.103694276101887,0.00425289986298515
844,0.10396486453712,0.00428350886145732
845,0.104031998291612,0.00430644566608123
846,0.10346098549664,0.00428616781796275
847,0.10222624912858,0.00422439617036533
848,0.100678160898387,0.00414917805479453
849,0.0997613783553243,0.0041186022805157
850,0.0992589242383838,0.00410401797834387
851,0.0982654627040029,0.00405629721848972
852,0.096077308319509,0.00394451120275219
853,0.0948361738398671,0.00387291818258578
854,0.0960901601612568,0.0039277300275304
855,0.0991346219554543,0.00408046206472605
856,0.101534379906952,0.00421211578394744
857,0.102384531125426,0.00427060375394462
858,0.102394364103675,0.00428122736994386
859,0.102249973192811,0.00427912143311351
860,0.10225224327296,0.00429127429837993
861,0.102141623534262,0.00429107519576388
862,0.101398454084992,0.00424748359015626
863,0.0997432210668922,0.00415101631029974
864,0.0973714293912053,0.00402707687092586
865,0.0959736480936408,0.00394654861255797
866,0.0963457794487476,0.00395826755574925
867,0.0982187398150563,0.00405542449870576
868,0.0998303226009011,0.00414181012535762
869,0.100616485141218,0.00416995180405048
870,0.100716775767505,0.00415755739833967
871,0.100537558309734,0.00413961062194807
872,0.10027113892138,0.00412319390429913
873,0.100025638081133,0.00410788761389422
874,0.0999084616452455,0.00410223267309102
875,0.099950269088149,0.0041129295352689
876,0.0999792076274753,0.00413011294277155
877,0.0998311448097229,0.00413191100229523
878,0.0995231823250652,0.00412028805893021
879,0.0992113252729177,0.00411055136962221
880,0.0991603772342205,0.0041112695001277
881,0.0992971129715443,0.00413081450026625
882,0.0994100658595562,0.00415320147636906
883,0.0992696941271424,0.00415276441459011
884,0.0989393965154886,0.00414181113867443
885,0.0985913494601846,0.00412909558969105
886,0.0984021279215812,0.00412411557474862
887,0.0984563037380576,0.00413274833587415
888,0.0984209926053882,0.00414400015127127
889,0.0979453575611114,0.00413514426837972
890,0.0968322497978807,0.00409022759635558
891,0.0950587768107653,0.00400505897256575
892,0.0926427964866161,0.00389812852795884
893,0.0896721387282014,0.00377561273945577
894,0.0862998318485916,0.00363475333533781
895,0.0827896687015891,0.00346988088159594
896,0.079787008985877,0.00333054807454869
897,0.0775722266547382,0.00322869578062385
898,0.0764184601046145,0.00317648362398052
899,0.0766387771628797,0.00319265372054192
900,0.0780986286513507,0.00327373703541267
901,0.0803261071257293,0.00339413112452931
902,0.0825418877229094,0.00351173236907927
903,0.0836972751840949,0.00357152256386532
904,0.0830910962633789,0.00353994709157004
905,0.0810986576788127,0.00344086449590854
906,0.0786151834577322,0.00331911638785763
907,0.0768116341158748,0.00322455717376362
908,0.0760068545863032,0.0031951672341646
909,0.0759133440814912,0.00320317004072443
910,0.076035806722939,0.0032120377608808
911,0.0759147293865681,0.00320609757746293
912,0.0755785653181374,0.00317488335071693
913,0.0753656886518002,0.00314896900707654
914,0.0755984592810273,0.00315623279026654
915,0.0763692472875118,0.0031961536262169
916,0.0775961818732321,0.00326342664125906
917,0.0790675754658878,0.00333970467529406
918,0.0804756290093064,0.00340515993462641
919,0.0814460150711238,0.00344588920783293
920,0.0816964107751846,0.00345269155687251
921,0.0813061698898673,0.00343419457704821
922,0.08044633153826,0.00340303660560671
923,0.0792063987627625,0.00336707691158018
924,0.0773532286845148,0.00331634107746271
925,0.0745092691667378,0.00321502576989869
926,0.0703681206516922,0.00303599767150181
927,0.0648469612374902,0.00278563972491723
928,0.0583694371208549,0.00247548372434056
929,0.0516704620793462,0.00215254512162769
930,0.0454922127723694,0.00186239619726214
931,0.0404069630429149,0.00162821120994729
932,0.0369464603532106,0.00147637455981022
933,0.0354124470427632,0.001422829113514
934,0.0357387781329453,0.0014646170972357
935,0.0373996197804809,0.00157414933162254
936,0.0398541212268174,0.00170035162814918
937,0.0424880327098072,0.00182767584784516
938,0.0446934725157917,0.00194008539071412
939,0.0459294393286109,0.00200284725088057
940,0.045847626850009,0.0019799663823461
941,0.0448311737179756,0.00190424350891023
942,0.043558235950768,0.00182463843688351
943,0.0427660884149373,0.00178038656547678
944,0.0426673610229045,0.00178746282448931
945,0.0431656129937619,0.00182611389990284
946,0.043998473957181,0.00187263479395081
947,0.0448366977274418,0.00191369795332353
948,0.0455834588222206,0.00194586333838821
949,0.0462270702049136,0.00197137739988239
950,0.0468091700598598,0.00199656643969839
951,0.0474031938426197,0.00202807994202759
952,0.0480342408269644,0.00205851791699854
953,0.0487859121896327,0.00209149688247554
954,0.0496947295404971,0.00213036010269211
955,0.0507338893786073,0.00217625338840156
956,0.0519586310721934,0.00223208318981083
957,0.0532877586223185,0.00229683361473188
958,0.0546962772682309,0.00236101773374487
959,0.0562413091212511,0.00241491058036667
960,0.0580212055891752,0.00248782069301071
961,0.0599681870639324,0.00258136546832864
962,0.062050436809659,0.00268497637136192
963,0.0642666101269424,0.00278606908087518
964,0.0665656425617635,0.00289700476580289
965,0.0688699333742261,0.00300524086030969
966,0.0710791577212512,0.00310376581950391
967,0.0730386636592448,0.00318863201753216
968,0.074405416958034,0.00324687741784721
969,0.0751111885905266,0.00327235001950117
970,0.0752178636007011,0.00326343941123097
971,0.0749139248207212,0.00323156346639798
972,0.0744941985420883,0.00321681366981248
973,0.0743311026878655,0.00321402849104874
974,0.0745425925403833,0.00322445565505617
975,0.0751353570260107,0.00325337085634329
976,0.0761432200856507,0.00330997047205996
977,0.0773263134807348,0.00336937467880097
978,0.078562837112695,0.0034274592327008
979,0.0797903424687684,0.00348617997545341
980,0.0809945096634328,0.00354751291732183
981,0.0821739123947918,0.00360859094562088
982,0.0831974729336798,0.0036599709853893
983,0.0840135570801794,0.00369627135058393
984,0.0847051220759749,0.00372004570634036
985,0.0852953314036131,0.00373803803899224
986,0.0857152103446424,0.00375294291107073
987,0.0859745346195996,0.00376594343308335
988,0.086175108589232,0.00377714248798245
989,0.0864132835529745,0.00378248267550703
990,0.0866283834353089,0.00379515269117885
991,0.0867438848689198,0.00380255239130835
992,0.0867399657703936,0.00378884940227852
993,0.0868127972260117,0.00379550657533936
994,0.0868050475046039,0.00379067782118147
995,0.0866606859304011,0.00378459847619766
996,0.0864238623343408,0.00378981270496608
997,0.0862575739994645,0.00377116956745069
998,0.0859891958162189,0.00375210008040315
999,0.0856116748973727,0.00373269427517471
1000,0.085240920688957,0.0037137800058183
1001,0.0853990310057998,0.00372258994226606
1002,0.0852273413538933,0.00371444194716743
1003,0.0850963900983334,0.00370552547173512
1004,0.0849841807223856,0.00369630489525605
1005,0.0849322896264493,0.00369546735558668
1006,0.0848997602425516,0.00369898983976338
1007,0.0849302600324154,0.00371354044693595
1008,0.0849113834090531,0.00371565862301476
1009,0.084915021918714,0.00371814540462838
1010,0.0848829492367804,0.00371691859144588
1011,0.0848168531246483,0.00370673691479991
1012,0.084752174243331,0.00369985075020153
1013,0.0846869091503322,0.00369421739872451
1014,0.0845961827039719,0.00368831559542534
1015,0.0845021608285606,0.0036800943866479
1016,0.0844141378812492,0.00367732437276501
1017,0.0842748879641294,0.00367709963087502
1018,0.0841090267524123,0.00368047269923681
1019,0.0839391870982945,0.00367775429760151
1020,0.083714982829988,0.00367032963905493
1021,0.0835399850457907,0.00366517757362161
1022,0.0833962237462401,0.00366035859685481
1023,0.083220738787204,0.00365297516911968
1024,0.083055937923491,0.00364791263543226
1025,0.0828699048236013,0.00364022227051577
1026,0.0826519221067429,0.00362221099838978
1027,0.0824453323893249,0.00361437334740121
1028,0.0822375667281449,0.00361235799731486
1029,0.0820213444158435,0.00361004545605607
1030,0.081830177847296,0.00360529887275315
1031,0.0816359742358327,0.00360157834902019
1032,0.0814417717419565,0.00358793652220476
1033,0.0812613635882735,0.00357518583863618
1034,0.0810727011598647,0.00356629541991047
1035,0.0808774767443538,0.00355995759372716
1036,0.0806864253431559,0.0035550756332981
1037,0.0804811074025929,0.00355421081915787
1038,0.0803061803616583,0.00354854944476969
1039,0.0801502132229507,0.00353905810393591
1040,0.0799904894270003,0.00353624638020225
1041,0.0798737702146173,0.0035362920106857
1042,0.0797127463668585,0.00353496924734022
1043,0.0795409305207431,0.00354169464994355
1044,0.0793326526880264,0.00353992432936017
1045,0.0791099643521011,0.00353090160167646
1046,0.0789009186625481,0.00352407890796664
1047,0.078682475425303,0.00351349176773975
1048,0.0784793726541102,0.00349948066508347
1049,0.0782233415544033,0.00348671908362146
1050,0.0779443339072168,0.00347126880985677
1051,0.0776580870337784,0.0034593376903895
1052,0.0773219501413405,0.00344858463624129
1053,0.0770227883756161,0.0034384633400483
1054,0.0767373090982437,0.00343045740662452
1055,0.076441976390779,0.00342156181914096
1056,0.0761442377604544,0.00341352567237081
1057,0.0758539363369346,0.00340367685658377
1058,0.0755625772476196,0.00339188077177363
1059,0.0752681425586343,0.0033811511649948
1060,0.0749843334406614,0.00337108898826679
1061,0.0747262972407043,0.00336415522097677
1062,0.0744943379424512,0.00335771306334355
1063,0.0742809310741723,0.00335677388237512
1064,0.0740825236402452,0.0033499854051143
1065,0.0738928911648691,0.00333911503731914
1066,0.0737524691969156,0.00333289174677568
1067,0.0736308738961816,0.00332501217783235
1068,0.073546610083431,0.00332319389978014
1069,0.0735438739322126,0.00333031289506728
1070,0.0734969565086067,0.00333028639569107
1071,0.0734723870828748,0.00332897613849698
1072,0.0734123721905053,0.00332813938376315
1073,0.073349627982825,0.00332617703693173
1074,0.0732438645325601,0.00332125796204233
1075,0.0731130519136786,0.00331523793339145
1076,0.0729597685299814,0.00330991051002312
1077,0.0727639637887478,0.00330165472128993
1078,0.0725199423916638,0.00328855946485613
1079,0.0722746433131397,0.00327760046931975
1080,0.0720138625614345,0.00326800641591745
1081,0.0717182189039886,0.00325739732357984
1082,0.0714233563840389,0.00324684702182258
1083,0.0710635326243937,0.00323396330775074
1084,0.070639297477901,0.00322384962694679
1085,0.0702168950997293,0.00320648450767782
1086,0.0697830313444138,0.0031839285181313
1087,0.0692998639307916,0.00315999223673715
1088,0.0688240828365087,0.00313034151280952
1089,0.0682695514895022,0.0031017920166295
1090,0.0676544317416847,0.00307271578877486
1091,0.0669705771282315,0.00304137676376751
1092,0.0662851781956851,0.00300941117285361
1093,0.0655474635772407,0.0029771249647889
1094,0.0648208753205836,0.00294269369837502
1095,0.0640987061150372,0.00290741819622557
1096,0.0633298137411475,0.00287067239482188
1097,0.0625420750677586,0.00283364419712553
1098,0.0617225559987128,0.00279289008282893
1099,0.0608993650786579,0.0027500950773943
1100,0.0599985405988991,0.00270597050786212
1101,0.0591440329328179,0.00266271838209247
1102,0.0580926660820842,0.00261182827099333
1103,0.0570327552594244,0.00256314814887962
1104,0.0557080622576177,0.00250143516577852
1105,0.0542364280670881,0.00243297583923109
1106,0.0525498260371387,0.00235365760644761
1107,0.0506680991686881,0.00226453088669486
1108,0.0485758922807872,0.00216473940854815
1109,0.0463403700664639,0.00206111051490315
1110,0.0438883244153112,0.0019475472545152
1111,0.0414045103639364,0.00183360503464537
1112,0.0386760469619185,0.00171137548310331
1113,0.0361383259948343,0.00159641751298893
1114,0.0334536106046289,0.00147277077220615
1115,0.0310975378192961,0.00136797016450771
1116,0.0287856835778803,0.00126765342049574
1117,0.0268047361355275,0.00118182488819529
1118,0.0249541424494237,0.00110234675873011
1119,0.0234972755704075,0.00104300914538043
1120,0.0223432394489646,0.000999789643109265
1121,0.0214426134573296,0.000965106051708971
1122,0.0208835925767198,0.000944951250581813
1123,0.0205556851346046,0.000938033094289033
1124,0.0203064054064453,0.000929820241911778
1125,0.0202126624342054,0.000924192890014322
1126,0.0203403655486181,0.000931950537916041
1127,0.0206158796697855,0.000946719887119551
1128,0.0210615957761183,0.000969567071246922
1129,0.0218483658554032,0.00101023604429444
1130,0.0224634278193116,0.0010396494872347
1131,0.023139762179926,0.00107023036151693
1132,0.023805458554998,0.00110126672413725
1133,0.0244601760897785,0.00113022040921568
1134,0.0251008433941752,0.0011589116893106
1135,0.025909539218992,0.0011953794467776
1136,0.0264459299016744,0.00122045589153211
1137,0.0268847446981818,0.00124113873074237
1138,0.0271936804614961,0.00125540468418671
1139,0.0273250227887183,0.00126244840138722
1140,0.0273276485409588,0.00126449766356619
1141,0.0273492821771651,0.00126203153252971
1142,0.0272549885045737,0.00124940852286567
1143,0.0272853579558432,0.00124890445620766
1144,0.027217510715127,0.00124301622033859
1145,0.0274490046314895,0.00125372834921847
1146,0.0277453142683953,0.00127325786421812
1147,0.0282889413367957,0.00130101385945528
1148,0.0290444946102798,0.00133788548325788
1149,0.029931214498356,0.00138032986592471
1150,0.0309591890592128,0.00142972291280361
1151,0.0321677730139345,0.00148661752233103
1152,0.0336246120929718,0.00155278348773169
1153,0.0350677002873272,0.00161981897870927
1154,0.0367539595626295,0.0016991440560789
1155,0.0382995185162872,0.00177109580813445
1156,0.0398038546089083,0.0018415983062442
1157,0.041309556690976,0.00191069415992823
1158,0.0427703543379903,0.00197654107810482
1159,0.0441266373172402,0.00203989523378002
1160,0.0454387536272407,0.00210087314484055
1161,0.0467654302716255,0.00216373023584783
1162,0.0478747712820768,0.00221467272863826
1163,0.0488850262574852,0.00226106320099653
1164,0.0497654380463064,0.00230016151965972
1165,0.0504739598743618,0.00232903189224225
1166,0.0511298825778067,0.00235812935716199
1167,0.0517172535322607,0.00238428017664938
1168,0.0521792007237673,0.00240489975273782
1169,0.0525432168506086,0.00242357382451399
1170,0.0528093762695789,0.00243544012270148
1171,0.0529234169609845,0.00243820964065052
1172,0.0530211810581386,0.00244199522151041
1173,0.0530424708686769,0.00244256489627348
1174,0.0530122863873839,0.00243892084870826
1175,0.0529819568246603,0.00243951712145639
1176,0.0529155573435128,0.0024387408587575
1177,0.0528234237059951,0.00243614889424296
1178,0.0526796064153314,0.00243254916313533
1179,0.0525898208655417,0.00242952697952144
1180,0.0524460864253342,0.00242258160839666
1181,0.0524283718690276,0.00242284082622035
1182,0.0524778786301613,0.00242691901295208
1183,0.0525526518374681,0.00243074699812475
1184,0.0527115113660693,0.00243862013454689
1185,0.0528530878201127,0.00244409364791189
1186,0.0530135822109878,0.00244605536178953
1187,0.0531829008646309,0.00245385004042926
1188,0.053417410030961,0.00246715090746308
1189,0.0535707011073828,0.00247657069238744
1190,0.0537187233753502,0.00248877102775593
1191,0.0538302553445101,0.00249852955248661
1192,0.0538312549889088,0.00250292804073532
1193,0.0537692246958613,0.00250245655793543
1194,0.0536436998657882,0.00249734706357508
1195,0.0534709733165801,0.00249099402909468
1196,0.0532989976555109,0.00248357325183985
1197,0.0530730378255248,0.00247113438516766
1198,0.0528949214331806,0.00246343864669905
1199,0.0526992739737034,0.00245779094030035
1200,0.0525651445798576,0.0024509273726716
1201,0.0524352627061307,0.00244121516860269
1202,0.0523932131007314,0.00243878949119119
1203,0.0524028846807778,0.00243829547966649
1204,0.0524674268811941,0.00244169234337445
1205,0.0526267419755459,0.00245239925231851
1206,0.0527782190404832,0.00246155477368001
1207,0.0529730156250298,0.00247220695512413
1208,0.0531770329549909,0.00248260429303579
1209,0.0534073086641729,0.00249271442123986
1210,0.053626564424485,0.0025063938754602
1211,0.0538714703917503,0.00251857046121374
1212,0.0541141311824322,0.00252946473535651
1213,0.0543144016899169,0.00253882100026236
1214,0.0544986007735133,0.00254711418815462
1215,0.0546621559746563,0.00255400249884596
1216,0.0547960075736046,0.00256097336214308
1217,0.0549168945662677,0.002568099234873
1218,0.0550181926041841,0.00257517402212806
1219,0.0551211595162749,0.00258161696457318
1220,0.0551996300928295,0.00258858383779948
1221,0.0552884863503277,0.00259417869364103
1222,0.0553851627185941,0.00259805699751767
1223,0.0554723407141864,0.00260373335023338
1224,0.055544281359762,0.00261073033136648
1225,0.0556308667548001,0.00261483161713777
1226,0.055729748941958,0.00261687928784686
1227,0.0558153571002185,0.00262132763396909
1228,0.0559091906435788,0.00262494747494137
1229,0.0559865858778357,0.0026297106378501
1230,0.0560328778997064,0.00263571192384685
1231,0.0560617520287633,0.00264054945705909
1232,0.0560698002204299,0.0026425490537406
1233,0.0560499211773276,0.00264108072634018
1234,0.0560011177137494,0.00263877347196721
1235,0.055930099952966,0.0026366346312502
1236,0.0558382977731526,0.00263369214164168
1237,0.0557223625481129,0.00263173295626319
1238,0.0555835605412722,0.00262660613109887
1239,0.0554274381697178,0.00261999889433068
1240,0.0552486990764737,0.0026125777663465
1241,0.055037773065269,0.00260252124341968
1242,0.0548214788548648,0.00259248997740305
1243,0.054596010055393,0.00258324104460248
1244,0.0543490596115589,0.00257231000265775
1245,0.0541069343686104,0.00256002898955497
1246,0.0538048886694014,0.00254674584127521
1247,0.0534795057587326,0.00253422215691935
1248,0.0530991589836776,0.00251669388164638
1249,0.0526710225827992,0.0024964697291894
1250,0.0521831340156496,0.00247548981368268
1251,0.051642796844244,0.00244810622593917
1252,0.0510419339314103,0.0024169543921659
1253,0.0503521911613643,0.00238456821891543
1254,0.0495822843536735,0.00234730822871967
1255,0.0487458494491875,0.00230437269163973
1256,0.0478313850611448,0.00225913101572429
1257,0.0468590694852173,0.00221463389659883
1258,0.0458729433175176,0.00216780588981485
1259,0.0449293698463589,0.00212457822735459
1260,0.0439135141298175,0.00208207816725901
1261,0.0430852577090263,0.00204672759533235
1262,0.0422758380044252,0.00201133904543821
1263,0.0416933015640825,0.00198593781662247
1264,0.0412293254584074,0.00196579816816308
1265,0.0409823265392333,0.0019572912745402
1266,0.0409130709245801,0.00195723086324355
1267,0.0410414797347039,0.00196511419984087
1268,0.0413883992936462,0.00198424836389622
1269,0.0418746879324317,0.00200965913984647
1270,0.0425204163696617,0.00203741201996619
1271,0.043245298480615,0.00207123255421405
1272,0.0439749617129564,0.00210908739606133
1273,0.0447395568806678,0.00214383163877239
1274,0.0454725731723011,0.00217625133917025
1275,0.0461630265973508,0.00220930099766678
1276,0.0468258398398757,0.00223688807498341
1277,0.0474234220385551,0.00226109231836583
1278,0.0479365093447268,0.00228472776564592
1279,0.048392250854522,0.00230496600388287
1280,0.0487858258374035,0.00232248231153885
1281,0.0491245575807989,0.00233937021925686
1282,0.0494430546462536,0.00235384645958296
1283,0.0497351858578622,0.00236586025352489
1284,0.0499756810814142,0.00237678610627971
1285,0.0501900168135762,0.00238564802316206
1286,0.0503370467573404,0.00239286459589293
1287,0.0504250008612871,0.00240119951088929
1288,0.0504705203510821,0.002402945680096
1289,0.0504701714590192,0.00239956466976871
1290,0.0504070900008082,0.00239665734885094
1291,0.0502846415154636,0.0023898829592686
1292,0.0501100997254252,0.00237874742903697
1293,0.049875408615917,0.00236978557403443
1294,0.0495968531630933,0.00235816312959778
1295,0.0492821932211518,0.00234140140673168
1296,0.0489390767551959,0.00232619673376075
1297,0.0485803398117423,0.00230965046176571
1298,0.0481791449338198,0.00229146746886452
1299,0.0477508574351668,0.00227621942015363
1300,0.0473040474019945,0.00225903655283822
1301,0.0468166070617735,0.00224028520033581
1302,0.0463064570352435,0.0022207024525718
1303,0.0457873600721359,0.00219653144662235
1304,0.0452555067278445,0.00217266024672328
1305,0.044715966321528,0.00214803984502672
1306,0.0441663700435311,0.00212125800420655
1307,0.0436124273296446,0.00209481108556958
1308,0.0430429617967457,0.00206968999673702
1309,0.0424811631347984,0.00204231308639846
1310,0.041912799179554,0.00201215605360545
1311,0.0413622082863003,0.00198462949650163
1312,0.0408054519537836,0.00195525609912916
1313,0.0402888863440603,0.00192950999004202
1314,0.0398062756564468,0.00190754684657645
1315,0.039322444004938,0.00188560715030754
1316,0.0388499808590859,0.00185889668064252
1317,0.0383711905498058,0.00183357183913008
1318,0.037855375893414,0.0018084584862273
1319,0.0372953117825091,0.00177915780553503
1320,0.0367002680990845,0.00174906076411389
1321,0.0360457313153893,0.00171613233536451
1322,0.0352979341521859,0.00167408857159321
1323,0.0344854317419231,0.0016306988463693
1324,0.0336078579258174,0.00159139676402399
1325,0.0326930422987789,0.00155050171442488
1326,0.031778805013746,0.00150729059326003
1327,0.0308930456452072,0.00146583106789514
1328,0.0300447733979672,0.00142317461977786
1329,0.02927075936459,0.00138462514558107
1330,0.0285844936501235,0.0013526906780453
1331,0.0279933179914951,0.00132828507636174
1332,0.0274269655905664,0.00130143824594755
1333,0.0269929051958024,0.00128079880123985
1334,0.0264554592221975,0.00125582885688385
1335,0.025998298926279,0.00123289115060676
1336,0.0253366304002702,0.00120155057115102
1337,0.0246499953046441,0.00117174081209884
1338,0.023730366975069,0.00112789151793018
1339,0.0226676571602002,0.00107532238253927
1340,0.021410572770983,0.00101319931031711
1341,0.0199770439649001,0.000943906263319402
1342,0.0183875761367381,0.000868364118285579
1343,0.0166686939075589,0.000787451901313485
1344,0.0148950152518228,0.000703825069748611
1345,0.0130844412697479,0.00061734820199939
1346,0.011307517408859,0.000531837906143382
1347,0.00961691073607653,0.000451784637552422
1348,0.00801102619385347,0.00037751293728942
1349,0.00655834251316264,0.000309551572664066
1350,0.00526854755124077,0.000248949568678981
1351,0.00414668468176387,0.000196460720105854
1352,0.00320831657154486,0.000151663066089626
1353,0.00243722295679618,0.000116690022424243
1354,0.00182250278885476,9.16455250314973e-05
1355,0.00133996760327136,7.12283102251423e-05
1356,0.000970840211666655,5.55091842351578e-05
1357,0.000696147338749142,4.32807597764457e-05
1358,0.000500693849753588,3.53772805134836e-05
1359,0.000342620601513772,3.0000163851708e-05
1360,0.000261325581523124,2.88227258372568e-05
1361,0.000185318479852867,2.67404721644299e-05
1362,0.000152110169656225,2.46201213491698e-05
1363,0.00011913403213839,2.34831713933947e-05
1364,0.000108965111958241,2.36487031277674e-05
1365,9.82736672813189e-05,2.3456841643777e-05
1366,9.53515613400668e-05,2.19796847574466e-05
1367,9.79910849309818e-05,2.38045045877628e-05
1368,0.000107325690860307,2.44820120476301e-05
1369,0.000115540071328724,2.28283754196048e-05
1370,0.00012683675991866,2.40007733672897e-05
1371,0.000136688893435348,2.55820143562509e-05
1372,0.000143592111307953,2.35586086550156e-05
1373,0.000150617104955018,2.34831657595727e-05
1374,0.000157278771112033,2.52557915443489e-05
1375,0.000162647251709132,2.48830245055049e-05
1376,0.000165208178805187,2.33311495561337e-05
1377,0.000165194555120252,2.49172041957959e-05
1378,0.000163639684215013,2.37407484661927e-05
1379,0.000161391915426066,2.3314784908065e-05
1380,0.000162191758972767,2.25369454972171e-05
1381,0.000166389406913368,2.33757867495514e-05
1382,0.000173431314105983,2.2491420731123e-05
1383,0.000184298463427695,2.29873440701845e-05
1384,0.000199323708002339,2.39900591419432e-05
1385,0.000216389322995383,2.44591570627389e-05
1386,0.000236650433726027,2.50332028278487e-05
1387,0.00025950997012842,2.81551153051317e-05
1388,0.000284296403988265,2.91991991544564e-05
1389,0.000313607971256715,3.02052652813763e-05
1390,0.000340875196925481,2.99324657424635e-05
1391,0.000367874569565174,2.82874075983505e-05
1392,0.000396978606440825,2.88275662926695e-05
1393,0.000424034179013688,2.86694161021673e-05
1394,0.000457245760626392,3.01980715416222e-05
1395,0.000495935039507458,3.31159879315499e-05
1396,0.000532740960916271,3.4968234385121e-05
1397,0.000568520462693414,3.50939937188118e-05
1398,0.000606809984747088,3.73086639497443e-05
1399,0.000642255027778447,3.80676006795137e-05
1400,0.000686205961974338,3.90270581873714e-05
1401,0.000742345404578373,4.19832931350215e-05
1402,0.000806236410571728,4.51786367328994e-05
1403,0.000882073977554683,4.95325629709398e-05
1404,0.000972596509673167,5.45247786777674e-05
1405,0.0010801118958625,5.86040315996382e-05
1406,0.00120658975734841,6.46739587910097e-05
1407,0.00135154849936953,7.03920000156461e-05
1408,0.00151567811204586,7.8075548215529e-05
1409,0.0016937221219996,8.76802212547872e-05
1410,0.00187998703913763,9.7655482158178e-05
1411,0.00207948500523344,0.000107358194389828
1412,0.00228755350050051,0.000117015951356913
1413,0.00249904442694969,0.000125405590674739
1414,0.00272498126025312,0.00013527857533053
1415,0.00295759916305542,0.000147155383305028
1416,0.00319961169618182,0.00015966634076899
1417,0.00345279973815195,0.000171974481719884
1418,0.00371110590640455,0.000185291162785268
1419,0.00398071727715433,0.000199132076258161
1420,0.00425009429920465,0.0002124820186432
1421,0.00451738324947655,0.000225125195732428
1422,0.00477792465128005,0.000236823646483715
1423,0.00501085206167772,0.00024808617373433
1424,0.00523348498973064,0.000258799675633758
1425,0.00541727186180651,0.000267626817725222
1426,0.00557012212695554,0.000275777379409285
1427,0.00569657329353504,0.000282165344763511
1428,0.00578706777421758,0.000284646713373451
1429,0.00586272711167112,0.000287964451270297
1430,0.00591013839701191,0.000291075510614476
1431,0.00595285936724395,0.000295497549969361
1432,0.00598804046167061,0.00029620225330501
1433,0.00603499640943482,0.00029849367954776
1434,0.00610824468079954,0.000302906752072494
1435,0.00620755149517208,0.000307177856513537
1436,0.0063485555187799,0.000314804690596301
1437,0.00652727479347959,0.000324765274863914
1438,0.00674133909866214,0.000334296228526947
1439,0.00699879075866193,0.000345522017758148
1440,0.00729369141394272,0.000360827260997746
1441,0.00762578955153003,0.000377819173625846
1442,0.00799276493024081,0.000395907027867431
1443,0.00840017030481249,0.00041712796397132
1444,0.00884234048658982,0.000437576471009778
1445,0.0093273501819931,0.000459943659985007
1446,0.00986457194434479,0.000487297848552387
1447,0.0104493809840642,0.000515851177785434
1448,0.0110624069068581,0.000545477175384216
1449,0.0117119338456541,0.000576449951985345
1450,0.0123818454379216,0.000607806893654401
1451,0.0130360717792064,0.000639576948927002
1452,0.0136982629261911,0.000670601859381037
1453,0.0143148165754974,0.000699876482543482
1454,0.0148484879219905,0.000726666541984771
1455,0.0153043556911871,0.000748455045087891
1456,0.0156376061309129,0.000764578459797301
1457,0.0158292447868735,0.000775487916066465
1458,0.0158870379859582,0.00077947302031087
1459,0.0158133149705827,0.000776534296668573
1460,0.0155964258592576,0.000766830065404544
1461,0.0152786926878616,0.000752442012760868
1462,0.0149037356069311,0.000735505686362818
1463,0.0144806692795828,0.000715359762382316
1464,0.0140979145560414,0.000697394447617056
1465,0.0136696674395353,0.000678554043942089
1466,0.0133723033964634,0.000664529507166384
1467,0.0131033034203574,0.000650649767148773
1468,0.0129711352987215,0.000643076767050641
1469,0.0129507669340819,0.000639464435692076
1470,0.0130158224655315,0.000641181068779892
1471,0.0131942932354286,0.000649429529645257
1472,0.0134357052203268,0.000659794670493789
1473,0.0137700256099924,0.000674406386486949
1474,0.0141526920953766,0.00069198323472119
1475,0.0145722744613886,0.00071204402305658
1476,0.0150190650159493,0.000732270155782001
1477,0.0154696323210374,0.000753702712643311
1478,0.0159422184107825,0.000777975357852244
1479,0.0164435705449432,0.000802254278291887
1480,0.0169824922131374,0.00082713837726013
1481,0.0175661792140454,0.00085544542572991
1482,0.0181974226841703,0.000886229838680125
1483,0.0188687321916223,0.000917760622444625
1484,0.0195804890850559,0.000953310085292442
1485,0.0203398353978992,0.000992981877056083
1486,0.0211361074959859,0.00103208157370222
1487,0.0219793740008026,0.00107164837205851
1488,0.0228544010780752,0.00111327794917003
1489,0.0237349856738001,0.00115475599553536
1490,0.0246035085991025,0.00119566521053283
1491,0.0254350821208209,0.00123500096148434
1492,0.0262176721263677,0.00127112645788264
1493,0.0269461828190833,0.00130472222157565
1494,0.0276001036539674,0.00133578898758549
1495,0.0281843349523842,0.00136423894572718
1496,0.0287126118596643,0.00139159301569928
1497,0.0291666373796761,0.00141682604651649
1498,0.0295653108041734,0.00143859767128664
1499,0.0299311852175742,0.00145719799358439
1500,0.0302617715485394,0.00147272035605906
1501,0.030572831183672,0.00148657647750185
1502,0.030889049731195,0.00150233992629501
1503,0.0312213591765612,0.00151982325538704
1504,0.0315636306535453,0.00153759380156328
1505,0.0319372606184334,0.00155712931028437
1506,0.0323223441559821,0.00157491360661006
1507,0.0326973974332213,0.00159196234149124
1508,0.0330691686179489,0.00161052264845052
1509,0.0334217640571296,0.00162714400836316
1510,0.0337536315433681,0.00164270766380614
1511,0.0340696968045086,0.00165660695866745
1512,0.0343606213945895,0.0016682952285496
1513,0.0346113995648921,0.00167879036228843
1514,0.0348450224101543,0.00168860898244408
1515,0.0350584511458874,0.00169811791224717
1516,0.0352422637771815,0.00170782195144464
1517,0.0354199181590229,0.00171744828830493
1518,0.0355834504216909,0.00172677346246406
1519,0.0357371344044805,0.0017360936533076
1520,0.0358799344394356,0.00174657390301535
1521,0.0360127805918455,0.00175456593983758
1522,0.0361430607177317,0.00176176228528676
1523,0.0362457690294832,0.00176789844336513
1524,0.0363272086344659,0.00177269982880631
1525,0.0363967857137322,0.00177517777505153
1526,0.0364412500802428,0.00177520971501057
1527,0.0364833524357527,0.00177667656208019
1528,0.0365175550524145,0.00177701776413648
1529,0.0365417015645653,0.00177709062262092
1530,0.0365554654691368,0.0017793439528364
1531,0.0365678199473768,0.0017784265106238
1532,0.0365650351997465,0.00177307661009623
1533,0.0365690659731627,0.00177103392301609
1534,0.0365697654336691,0.00176971479290674
1535,0.0365779288299382,0.00176788517773554
1536,0.0365882588550448,0.00176688344606992
1537,0.0366107884701341,0.00176646929388917
1538,0.0366338025778532,0.00176462500502913
1539,0.0366611417289823,0.0017624870214983
1540,0.0366902603860945,0.00176211831771107
1541,0.0367146758362651,0.00176251099907867
1542,0.0367421243898571,0.00176212999662249
1543,0.0367639423441142,0.00176262717809201
1544,0.0367781196068972,0.00176395516619541
1545,0.0367891458887607,0.00176367551689004
1546,0.0367781582847238,0.00176333628322512
1547,0.0367510380316526,0.00176431004647925
1548,0.0367149605602026,0.00176231092787699
1549,0.0366617187298834,0.00176086860208625
1550,0.0366020587459207,0.00176260320309735
1551,0.0365427314676344,0.00176123252821019
1552,0.0364641746878624,0.00175982996225296
1553,0.0363754883408546,0.00176055689206842
1554,0.0362926863599569,0.00175858249070445
1555,0.0361979188863188,0.00175611149735227
1556,0.0360949044395238,0.00175367159200231
1557,0.0359826737083495,0.00174800224364724
1558,0.0358463090099394,0.00174141029289982
1559,0.0356744248140603,0.00173380195747956
1560,0.0354705249052495,0.0017225726842863
1561,0.0352245056349784,0.00171029376855993
1562,0.0349286619573832,0.00169580106302217
1563,0.0345931846927851,0.00167811110027655
1564,0.0342223418783396,0.00165991174714902
1565,0.0338241278659552,0.00163984508423457
1566,0.0333978043030947,0.00161799962830961
1567,0.0329658975638449,0.00159646264063888
1568,0.0325352546852082,0.00157590812542429
1569,0.0321270281728357,0.00155786713897475
1570,0.0317687923461199,0.0015425334196227
1571,0.0314643659442663,0.00153007058926887
1572,0.0312329432927072,0.00151961874200102
1573,0.0310783263295889,0.00151254604847
1574,0.0310027464665472,0.00151027709871849
1575,0.0310059481114149,0.00150991721847458
1576,0.0310772281978279,0.0015128771587106
1577,0.0312047053594142,0.00152112554047642
1578,0.0313859363086522,0.00153169998078908
1579,0.0316006987169385,0.00154298609922719
1580,0.0318284505233169,0.00155466907522307
1581,0.0320637908298522,0.00156558228432091
1582,0.0322838334180415,0.00157564110074642
1583,0.032481563873589,0.00158479913495804
1584,0.032654966134578,0.00159297811982853
1585,0.0328022008668631,0.00160073680154602
1586,0.0329143207427114,0.00160470526543211
1587,0.032986298808828,0.00160638670094918
1588,0.0330206020455808,0.00160861758661672
1589,0.0330162819288671,0.00160870534424914
1590,0.0329731040913612,0.00160640253431532
1591,0.0328816269990057,0.00160191351141685
1592,0.0327446847129613,0.00159387353975904
1593,0.0325604119338095,0.00158378248080034
1594,0.0323274040594697,0.00157256323608386
1595,0.0320689027756453,0.00156061136216677
1596,0.0317903660982847,0.00154954178004645
1597,0.0314964220672846,0.00153634095126763
1598,0.0312068178411573,0.00152116308315513
1599,0.0309281986486167,0.00150779148146809
1600,0.030662454534322,0.00149228490803497
1601,0.0304280064906925,0.00147791274394128
1602,0.0302413441892713,0.00146977004995833
1603,0.0300997754372656,0.00146270730791978
1604,0.0300192199926823,0.00145842810061007
1605,0.0299940068647265,0.00145883928563989
1606,0.0300134089961648,0.00145912421797667
1607,0.0300776814296842,0.00146146699502689
1608,0.0301834805682301,0.00146767571978866
1609,0.0303270064759999,0.00147532456178596
1610,0.0304997148551047,0.00148596452985556
1611,0.0306940404232591,0.00149829972197837
1612,0.0308975012134761,0.00150945611896144
1613,0.0311023795884103,0.00151982541701863
1614,0.0313034669682384,0.00152895625713024
1615,0.0314921039901674,0.00153770845436084
1616,0.0316653635073453,0.00154537372864676
1617,0.0318313735444099,0.00155384972096403
1618,0.031977889565751,0.00156237504966415
1619,0.032101302491501,0.0015661071149289
1620,0.0322061596252024,0.00156736884303604
1621,0.0322819579951465,0.00156803288244603
1622,0.03232770181261,0.00156659375997795
1623,0.0323556162416935,0.001564165795831
1624,0.0323659993894398,0.00156203648544343
1625,0.0323490787670016,0.00155972671511774
1626,0.0323100054077804,0.00155415561713554
1627,0.0322461933642626,0.00154727707688928
1628,0.0321466122195125,0.00154166429185384
1629,0.0320188545715064,0.0015335210644465
1630,0.0318727562669665,0.0015245705413427
1631,0.0317041899636388,0.00151802104279745
1632,0.0315147916227579,0.0015102618013638
1633,0.0313191482238471,0.00150236665031107
1634,0.0311162117123604,0.00149699124001632
1635,0.0309095851704478,0.00149106802677857
1636,0.0307120334450155,0.00148472583156596
1637,0.0305252615921199,0.00147888562605601
1638,0.030357353547588,0.00147250480489085
1639,0.0302128200978041,0.001467265256732
1640,0.0300997048057616,0.00146461970694508
1641,0.0300073414109647,0.00146237572162518
1642,0.029933451153338,0.00145938522508788
1643,0.0298838314134628,0.00145774159004
1644,0.0298505137860775,0.00145395449442897
1645,0.029832353470847,0.00145090386314981
1646,0.0298337033390999,0.00145253094027226
1647,0.0298473004531115,0.00145156943757059
1648,0.029867051942274,0.00145031144272784
1649,0.0299047936405987,0.00145295428825514
1650,0.0299519027024507,0.0014549700214058
1651,0.0299969777930528,0.00145629136563499
1652,0.0300446857698262,0.0014555691257275
1653,0.0300821159686893,0.00145314704695461
1654,0.0301064139604568,0.00145015936565614
1655,0.0301152178272605,0.00144572461476191
1656,0.0300972907617688,0.00144359768130768
1657,0.0300520642474294,0.00144251900294361
1658,0.0299725927039981,0.00143844034961323
1659,0.029875894729048,0.0014345694375408
1660,0.029762049857527,0.00143049406357875
1661,0.0296383915189654,0.00142479828170723
1662,0.0295167739875615,0.00142047838098111
1663,0.0294046546611935,0.00141833474067601
1664,0.0293136519659311,0.00141753067747834
1665,0.029239331735298,0.00141850026796245
1666,0.0291878989245743,0.00141922531828405
1667,0.0291546865645796,0.00141793107945325
1668,0.029143929509446,0.00141772374652145
1669,0.0291477249842137,0.00141898323927606
1670,0.029162354869768,0.0014221877098606
1671,0.0291764747258276,0.00142593383716664
1672,0.0291674092598259,0.00142732966304265
1673,0.0291516752447933,0.00142829154648502
1674,0.0291277249809355,0.00142660666908077
1675,0.0290853735804558,0.00142283295727815
1676,0.0290365648921579,0.00141845621636986
1677,0.0289860565215349,0.00141417744095574
1678,0.0289227788057178,0.00140870062554188
1679,0.0288602694869041,0.0014035096324683
1680,0.0287878525070846,0.00139800145443577
1681,0.0287292492203414,0.00139324746337789
1682,0.0286712828930467,0.00138865497677207
1683,0.0286208576150239,0.00138350891957564
1684,0.0285894088819623,0.00137794440493903
1685,0.028550264807418,0.00137413282941872
1686,0.0285135756898671,0.00137074911875573
1687,0.0284695927985013,0.00136724819218886
1688,0.0284242348000407,0.00136490152802089
1689,0.0283714092988521,0.00136263775372594
1690,0.0283078254200518,0.00135986261608037
1691,0.0282467678375542,0.00135767708986199
1692,0.028188396776095,0.00135616358742373
1693,0.0281196840573102,0.00135545553786628
1694,0.0280477824807167,0.00135491373216814
1695,0.0279696583934128,0.00135475233733638
1696,0.0278808692283928,0.0013569625155545
1697,0.0277902712859213,0.0013564038004379
1698,0.0276983766071498,0.00135383002724119
1699,0.0275989620387554,0.00135256777758776
1700,0.0274933863803744,0.00135199757634882
1701,0.027381290467456,0.0013484843060067
1702,0.0272543480992317,0.00134503342605398
1703,0.0271432741731405,0.00133923473266663
1704,0.0270323935896158,0.00132850827510885
1705,0.0269282698910683,0.00132088755152022
1706,0.0268299848400056,0.00131483582102118
1707,0.0267442408762872,0.00130683147863
1708,0.0266576811112464,0.00129738128743513
1709,0.0265940897818655,0.00129062103218991
1710,0.0265608915407211,0.00128338804763035
1711,0.0265102734137326,0.00127774470075273
1712,0.0264767471328378,0.00127583866575262
1713,0.0264132590778172,0.00127114323779204
1714,0.0263344005215913,0.00126597079924232
1715,0.0262466241233051,0.00126006026373151
1716,0.026146699981764,0.00125379851747533
1717,0.0260300182085484,0.00124607315355948
1718,0.0258997802622616,0.00123637196713772
1719,0.0257609311956912,0.001227979422989
1720,0.0256005521584302,0.00121964089138502
1721,0.0254490206297487,0.00121053402686298
1722,0.0252928488980979,0.00120154894461223
1723,0.0251424588914961,0.00119317479646957
1724,0.0249928897153586,0.00118400557270362
1725,0.024844464333728,0.00117568283593189
1726,0.0246997085306793,0.00116865873997828
1727,0.0245530028175563,0.00116160903301034
1728,0.0244056238140911,0.00115392756243352
1729,0.0242587544675916,0.00114861388633484
1730,0.024110171450302,0.00114621666752946
1731,0.0239668916165829,0.00113817050928866
1732,0.0238296111300588,0.00113151388925425
1733,0.0237022092472762,0.00112706762596474
1734,0.0235857222229242,0.00112130071991599
1735,0.0234819852281362,0.00111911923489128
1736,0.0233855821704492,0.00111687065844415
1737,0.0233027783874422,0.00111407827565258
1738,0.0232222229987383,0.00111016164551118
1739,0.0231444980856031,0.00110612209171597
1740,0.0230761513253674,0.00110229513056772
1741,0.023012180281803,0.00109561861623282
1742,0.0229586265608668,0.0010914167511681
1743,0.0229240513825789,0.00109022547262664
1744,0.0228828308638185,0.00108747263974412
1745,0.0228433547820896,0.00108438063770837
1746,0.0228067545220256,0.00108184464254795
1747,0.0227695737779141,0.00107777079959553
1748,0.022732368959114,0.00107602813190465
1749,0.0227095152065158,0.00107785490295194
1750,0.022665204629302,0.00107631581338394
1751,0.0226210124557838,0.00107433678447061
1752,0.0225486985314637,0.00107142294761934
1753,0.0224553385702893,0.00106609356385961
1754,0.0223457274306565,0.00106067576344771
1755,0.0222148445993662,0.00105569860329247
1756,0.0220679093617946,0.00104887521001059
1757,0.0219038355816156,0.00103970427140342
1758,0.0217244877759367,0.00103139183444275
1759,0.0215178116876632,0.00102303561577348
1760,0.021317569478415,0.00101374128102744
1761,0.0211095226276666,0.00100397523288726
1762,0.0208960839593783,0.000994216599448137
1763,0.0206791769014671,0.000984137966271085
1764,0.0204591288277879,0.000972538343728604
1765,0.0202355207456276,0.000960108991897797
1766,0.0199969927826896,0.000948458758815094
1767,0.0197623146697879,0.000936201271302985
1768,0.0194892683392391,0.000923239668845475
1769,0.0191909888666123,0.000912076072907504
1770,0.018878944190219,0.00089720989185969
1771,0.018543626233004,0.000879086466684816
1772,0.0181942861666903,0.000862498710956874
1773,0.0178253985010088,0.000845400433287906
1774,0.0174472181871533,0.000828092240112124
1775,0.0170652151480317,0.000810975005044546
1776,0.0166892576543614,0.000793253902472069
1777,0.0163263557991013,0.00077487333721694
1778,0.0159786179056391,0.000755931297164723
1779,0.0156443472765386,0.000738569262700435
1780,0.0153523304034024,0.000724684647602709
1781,0.0150571907032281,0.000710932606723218
1782,0.0148012167355046,0.000702161648090098
1783,0.0145055101579055,0.000688821074152861
1784,0.0141955807432532,0.000670706123763442
1785,0.0138638430507854,0.000654881104888238
1786,0.0135118163609877,0.000638537021469351
1787,0.0131291735870764,0.000621838805733092
1788,0.0127375464420766,0.000608681950090282
1789,0.0122930224984884,0.000590002659303389
1790,0.011802813289687,0.000567323462314045
1791,0.011281195259653,0.000543239584255917
1792,0.0107040516962297,0.000515332724413094
1793,0.0101263676024973,0.000488307142443582
1794,0.0095119615807198,0.000459513813944109
1795,0.00891069484176114,0.000432156981846702
1796,0.00829474702244624,0.000404582306824037
1797,0.00770120515255257,0.000377623414062511
1798,0.00710415413603187,0.00035171763511158
1799,0.00654533593216911,0.000325513420603127
1800,0.00599374871933833,0.000298774018227148
1801,0.00550486135762185,0.000273846395485394
1802,0.00505632792366669,0.000249212879224912
1803,0.00464986010105349,0.000228144723798155
1804,0.00430194501648657,0.000209960869179295
1805,0.00396712717832997,0.000194169186387095
1806,0.0036495531804394,0.000180847438114345
1807,0.00335069968830794,0.000168542552543754
1808,0.00307748459395953,0.000155370585416713
1809,0.002821079865098,0.000142729249859287
1810,0.00257728702214081,0.000130520311433352
1811,0.00234264960919972,0.000117094888336005
1812,0.00211449352267664,0.000108455335108532
1813,0.00189641525852494,0.000100894606339949
1814,0.00169716142641846,9.3507798823203e-05
1815,0.0015191708796192,8.52903707450645e-05
1816,0.00136392532993341,7.7564843330758e-05
1817,0.00123111509223236,6.93733694678586e-05
1818,0.00110953894210979,6.45762242729606e-05
1819,0.0010094006464351,6.06753617572366e-05
1820,0.000912247601372655,5.82991040331194e-05
1821,0.000829274015850387,5.90202039925869e-05
1822,0.000747420239786152,5.71273444172434e-05
1823,0.00067328005345189,5.26642723720454e-05
1824,0.000598491037817439,4.99804031830855e-05
1825,0.000525623945868574,4.66519011490604e-05
1826,0.000453634506411618,4.37937370955831e-05
1827,0.000379097852128325,4.30658628747512e-05
1828,0.000314370122214314,4.19614249470958e-05
1829,0.000253522241619066,4.12933540261857e-05
1830,0.000203871614103264,4.14569627847798e-05
1831,0.000337441040064732,0.000227093577034078
1832,0.000237874083595671,0.000125342602246454
1833,0.000184001106706546,0.00019309465007412
1834,0.000135969980425443,0.000297721878806486
1835,0.000119888984750105,0.000421537865284927
1836,9.85655032868271e-05,0.000490074061359327
1837,9.42657051922424e-05,0.000648727114469631
1838,8.50128981756626e-05,0.000576554923931863
1839,7.45515542945441e-05,0.000331068490176953
1840,8.81167930981518e-05,0.000293190940476897
1841,7.50031245758009e-05,0.000346326005269813
1842,6.63213819355234e-05,0.000377341948486537
1843,6.37453906659858e-05,0.00036659782538029
1844,5.36998638227715e-05,0.000369266957738139
1845,5.40407275982214e-05,0.000358447755923235
1846,6.52715531849424e-05,0.000346953462406712
1847,7.75439629853735e-05,0.000414631776996156
1848,8.81061504671976e-05,0.000468507792888501
1849,9.35073574737544e-05,0.000449987914470314
1850,7.5842412549605e-05,0.000411998974282548
1851,6.25560946275528e-05,0.000335775654190313
1852,6.93971790758496e-05,0.000393509371837483
1853,7.88130431829792e-05,0.000526761750731421
1854,8.2986103718099e-05,0.000479135608872202
1855,0.000101735844708699,0.000307047244410739
1856,0.000110117359836153,0.000312813949289656
1857,0.00010923264088575,0.000355135545337407
1858,9.64865570381335e-05,0.000253483866309813
1859,0.000105076621897098,0.000268333606479474
1860,0.000117566202225134,0.000339514910346282
1861,0.00012913629333525,0.000312886903581151
1862,0.000137006607823729,0.000370189276248855
1863,0.000134579043702843,0.000398326676976913
1864,0.000123170233214296,0.000459682394671716
1865,0.000116980859893658,0.000476675705181718
1866,0.000104661402466206,0.000474480785399017
1867,9.09437422512838e-05,0.000423937912244251
1868,9.40082710387457e-05,0.000379720103054345
1869,8.26583993520558e-05,0.000263637775954025
1870,7.58669684873326e-05,0.000180215884901822
1871,8.74946425599887e-05,0.000182355180157038
1872,9.42402852372481e-05,0.000187345833174428
1873,0.000104304270990951,0.000298383881110644
1874,0.000117052403859184,0.000327787968068007
1875,0.000133017863676343,0.000335024633188018
1876,0.00014426523721113,0.000340702707529437
1877,0.000151979182993252,0.000304789383091126
1878,0.000170336219688352,0.000347251695935131
1879,0.000196508083455456,0.000393638178375154
1880,0.000216484934658183,0.000478780526291748
1881,0.000228687753303802,0.000500235327654326
1882,0.000239940252140514,0.000472052142195384
1883,0.000244406823312602,0.000439155834874556
1884,0.00024649027194755,0.000427109457032471
1885,0.000253180263425747,0.000436194980882742
1886,0.000266215627962083,0.000466966862468024
1887,0.000281029830020998,0.000524377727239856
1888,0.00029262054073115,0.000579899869706369
1889,0.000295526034205977,0.000606100656629571
1890,0.000294787988641474,0.000580567004033685
1891,0.000284195054700831,0.000536121147015989
1892,0.000265312761239329,0.000485941700324907
1893,0.000248132595997959,0.000432010442845787
1894,0.000226314812989585,0.000372711526754381
1895,0.000200328122801921,0.00031229879615839
1896,0.000175129157319134,0.000275187561492548
1897,0.000143658306385532,0.000245668760741504
1898,0.000116174259668753,0.000251716602408064
1899,0.000104190895796989,0.000215756726038278
1900,0.000100854266011083,0.000205351832101309
1901,9.56031764353149e-05,0.000189292933677845
1902,8.8720737171002e-05,0.000151367506613289
1903,8.35950888605907e-05,0.000154301706524671
1904,7.78508931074384e-05,0.000151083949965554
1905,7.63535318948527e-05,0.000120080237399777
1906,8.08895453758396e-05,0.000143338191850519
1907,9.03722310521005e-05,0.000160361237965024
1908,0.000102784258549491,0.000173320416153783
1909,0.000117154538946522,0.000157329220273346
1910,0.000135267171874602,0.000176309725509271
1911,0.00016460874529912,0.000217021631242568
1912,0.000203066936428513,0.000235964041135662
1913,0.000244787362644274,0.000296026557851118
1914,0.000289883432014904,0.00036955275570382
1915,0.000338239570264704,0.00041308123026637
1916,0.000384373870074341,0.000441147331966229
1917,0.00042483231794904,0.000459323061012209
1918,0.000467496062683494,0.000492566075263837
1919,0.00051262703629618,0.00053533557957486
1920,0.000558147486517555,0.000561660783221124
1921,0.000596987835060645,0.000571180832987321
1922,0.000635728180491242,0.000597916959907805
1923,0.000672543449791192,0.000611064141249987
1924,0.000705129440812016,0.000615347863531686
1925,0.000738188857776549,0.000649497885689603
1926,0.000776014317088993,0.000684700212087566
1927,0.000817041212894765,0.000708182869805873
1928,0.000861285771688927,0.000737139219302174
1929,0.000913952954706474,0.000758177791656131
1930,0.000971605849044863,0.000772228714644166
1931,0.00103511662299752,0.000786938056982842
1932,0.00111100522869492,0.000804924301866566
1933,0.00119467893939145,0.0008188698262942
1934,0.00127823008229825,0.000842022540530296
1935,0.00136895607982751,0.000869075254530745
1936,0.00145866099089289,0.000895641284165848
1937,0.00154831231731805,0.000918317199608716
1938,0.00164584413701959,0.000936314300583104
1939,0.00173801082833961,0.000944768540809793
1940,0.00181687637050345,0.000943093998762224
1941,0.00189165712450631,0.000933441793276547
1942,0.00195237438991171,0.000912549327759231
1943,0.00199517592460097,0.0008825059966332
1944,0.0020248590020492,0.000856305799950775
1945,0.002041624880585,0.00081673650338318
1946,0.00204206576578144,0.000765009351955204
1947,0.00203157924901461,0.000720300168710184
1948,0.00200979884029948,0.000668738017603292
1949,0.00197527975433331,0.000612069004181538
1950,0.00194193326350614,0.000567660028471249
1951,0.00191561561689014,0.000527481592455397
1952,0.00191570813673025,0.000492210181037248
1953,0.00192519402859034,0.000458253949138435
1954,0.00196492626797408,0.000433534253371417
1955,0.00203864958282793,0.000414011356983242
1956,0.00215040864190087,0.000395428663906725
1957,0.00229666220322542,0.00038255729235572
1958,0.00248231867612503,0.000375332003273508
1959,0.00270669578865636,0.000371655099610098
1960,0.00296428827015916,0.000374737229004019
1961,0.00325996587518603,0.000378819552121745
1962,0.00358791074308101,0.000380740642101368
1963,0.00394759058544878,0.000382629201626347
1964,0.00433310693479143,0.000385433336993601
1965,0.00472926434129477,0.000390339146794078
1966,0.0051464900188148,0.000398268910299173
1967,0.00557831466780044,0.000409984879686795
1968,0.00601674107951112,0.000424221590237348
1969,0.00645764213753864,0.000441234457344569
1970,0.00691350091248751,0.000462133149701497
1971,0.00737366426968947,0.000487371771431114
1972,0.00783114641904831,0.000515084894124682
1973,0.00828294354490936,0.000542011116284001
1974,0.00871424951124936,0.000569850526277613
1975,0.00912257491378114,0.000597632853895973
1976,0.00950130142038688,0.000624734144346011
1977,0.00985444542486221,0.000651225187655818
1978,0.0101780320494436,0.000677764751731415
1979,0.0104699159879237,0.000699593137170056
1980,0.0107216034061275,0.000717294528718369
1981,0.010933724429924,0.000733322642503062
1982,0.0110981537494808,0.000745282988113847
1983,0.0112108345958404,0.000753720025491765
1984,0.0112721090111882,0.000759110761421866
1985,0.0112639551307075,0.000760685993500852
1986,0.0111936062923633,0.000758908001766305
1987,0.0110403791302815,0.000752262076604496
1988,0.0107972674374469,0.00074469667280176
1989,0.0104560882854275,0.000729653293432683
1990,0.0100220962846652,0.000710033316980853
1991,0.00948988890275359,0.000681946674217995
1992,0.00886997119756416,0.000649109408401104
1993,0.0081670521129854,0.000608374514172203
1994,0.00740758426487446,0.000561507148375984
1995,0.00660978863481432,0.000511102189504265
1996,0.00579315270413645,0.000455614595366529
1997,0.00499866839847527,0.000399552300843888
1998,0.00425149777904153,0.000343235629713644
1999,0.00357049475191161,0.00029082080380716
2000,0.00298333075712435,0.000246875462521425
2001,0.00249612932791933,0.000206650072644388
2002,0.0021039186877897,0.00017395602452475
2003,0.00180967679596506,0.000147714572756134
2004,0.0016119132633321,0.000130639160193426
2005,0.00149155069404515,0.000117663074815516
2006,0.00143389439006569,0.000108769965831827
2007,0.00143038600857835,0.000106173697579029
2008,0.0014553870310192,0.000106424411258311
2009,0.00151640967495041,0.000108043705401139
2010,0.00160921516071539,0.000112504037136852
2011,0.0017345095804194,0.000118818488259309
2012,0.00189621936413459,0.000126943989449378
2013,0.00210759144276381,0.000135625507764064
2014,0.00236865278275218,0.000150191439085861
2015,0.0026913165661972,0.000168543982913455
2016,0.0030752427293919,0.000190243439488672
2017,0.00351078163366765,0.00021561269346711
2018,0.00400579569628462,0.000245553624687793
2019,0.00455515865120105,0.000280620427733667
2020,0.00514031839673407,0.00031556224321955
2021,0.00575025881058536,0.000356138658623147
2022,0.00638412106083706,0.000400807898886938
2023,0.00701108167646453,0.000442976553792824
2024,0.00763302000937983,0.000485791376183647
2025,0.00823676434112713,0.000531709420422992
2026,0.00879333766177297,0.00057398179442064
2027,0.00931305760052055,0.000611383233653445
2028,0.00977281126193702,0.000645788896330948
2029,0.0101838710601442,0.000678960484347688
2030,0.0105354944849387,0.000705985919980391
2031,0.0108343912963755,0.000727120574222885
2032,0.0110729287192225,0.000747377344422709
2033,0.0112557305349037,0.000765084302490838
2034,0.0113831687765196,0.000776240523383121
2035,0.0114486461086199,0.000783421343496375
2036,0.0114639838924631,0.000789356076188418
2037,0.0114234184240922,0.000791018176307227
2038,0.0113305489276536,0.000788408435298928
2039,0.0111825429694727,0.000784280052476006
2040,0.0109833073592745,0.000776041524502421
2041,0.0107296378933825,0.000761849253943133
2042,0.010425917734392,0.000745212222469707
2043,0.0100823984062299,0.000725625369327536
2044,0.00966924465959892,0.000701894981479045
2045,0.00925813238834962,0.00067649388184341
2046,0.008808182857465,0.000648182050980938
2047,0.00835503357229754,0.000618181052156044
2048,0.0079146975488402,0.000587561636209725
2049,0.00751217708224431,0.000556224492891892
2050,0.00715526991058141,0.000523537984192134
2051,0.00685223273932934,0.000495539505505825
2052,0.00662122162757441,0.000472254690169944
2053,0.00646249789744616,0.000454042831150638
2054,0.00636728762299754,0.00044397655342428
2055,0.00633254999993369,0.000436213082847905
2056,0.0063426763296593,0.000432357289852537
2057,0.00637952152290382,0.000433220657712745
2058,0.0064200972521212,0.000433751695151619
2059,0.00648920443374664,0.000437274425063225
2060,0.00654967622365803,0.000441438601492901
2061,0.00661461465293542,0.000447357870974323
2062,0.00667866797186434,0.000450067600158538
2063,0.00675060690147802,0.000455394821016821
2064,0.00682950930204243,0.000458921454123876
2065,0.00692127219634131,0.000461541412887327
2066,0.00703999299556017,0.000467922864556199
2067,0.00719454545527697,0.000476115267843991
2068,0.00738668714417145,0.000485980211682346
2069,0.00761506171198562,0.000498277768307942
2070,0.00788702498888597,0.000515179589450009
2071,0.00817995934281498,0.000533373084122932
2072,0.00848034920636564,0.000552563481901753
2073,0.00878153112251311,0.000573023577902812
2074,0.00911079501034692,0.000596050121791728
2075,0.00940074359066784,0.000616547864921987
2076,0.00968016578350216,0.00063701320837036
2077,0.00994765141047537,0.000658304657424517
2078,0.0101832515187561,0.000675886528143526
2079,0.0103820620733313,0.000691145729474367
2080,0.0105556524847634,0.000704203914219696
2081,0.0107003134884872,0.000714594920524771
2082,0.0108250309363939,0.000725020843947726
2083,0.0109319728822447,0.000733538395881464
2084,0.0110259482474066,0.000739855051498975
2085,0.0111126020085067,0.00074740146184675
2086,0.0111867725662887,0.000752366307221255
2087,0.0112631780095398,0.000757433766138862
2088,0.0113415468996391,0.000763854715070322
2089,0.0114208150538616,0.000771447665635779
2090,0.0114961817278527,0.000777255166766052
2091,0.0115768228238448,0.000783598814272423
2092,0.0116443888098001,0.000788561475655954
2093,0.0117041684989817,0.000791387439939783
2094,0.0117596184671856,0.000795847083716719
2095,0.0118073827889748,0.000801397731963984
2096,0.0118440881720744,0.000804715886464376
2097,0.0118770173611119,0.000805982453392853
2098,0.0119105478050187,0.000809174852057141
2099,0.0119410328497179,0.000812563493794286
2100,0.0119637354044244,0.000816299125966758
2101,0.0119817297253758,0.000821418101554082
2102,0.0119941987702623,0.000823346794630519
2103,0.0119987550075166,0.000822531579106971
2104,0.012001104708761,0.000824067670926356
2105,0.0119964413996786,0.00082426194796534
2106,0.0119838718813844,0.000824469157835097
2107,0.0119713005144149,0.000823550484103691
2108,0.0119546181894839,0.000822289008307111
2109,0.0119371691136621,0.000819891030112268
2110,0.0119168033404276,0.000815602456919772
2111,0.0118988428940065,0.00081283524387566
2112,0.0118793737958185,0.000811498121730815
2113,0.0118570012412965,0.000808727408718795
2114,0.011838397802785,0.000805492545356709
2115,0.0118234131811187,0.000805082969610662
2116,0.0118101018900052,0.000806828370623449
2117,0.0117994917090982,0.000805749617325833
2118,0.0117984599480405,0.000803954497337489
2119,0.0118030836456455,0.000805305557359874
2120,0.0118096851930022,0.000804739770205411
2121,0.0118242740351707,0.000803145609177024
2122,0.0118406748748384,0.000804299607474423
2123,0.0118544387677684,0.000806738403002745
2124,0.0118681310955435,0.000808012499628416
2125,0.0118832474318333,0.000808390223380312
2126,0.0118970270548016,0.000809511369083094
2127,0.0119103622878902,0.000811146577651963
2128,0.0119217247609049,0.000812239099945892
2129,0.0119353733537719,0.000813261336912404
2130,0.0119412775663659,0.000814857884469337
2131,0.011938096138183,0.000814914784257144
2132,0.0119374062563293,0.000813001032131543
2133,0.0119319931603968,0.000810244416270235
2134,0.01192215411691,0.000810222902622928
2135,0.0119097854150459,0.000810182956766045
2136,0.0118883197521791,0.000808792868526037
2137,0.0118634815863334,0.000807675224122461
2138,0.0118342765513807,0.000806530847531365
2139,0.0117964149801992,0.000807086893063729
2140,0.0117545380187221,0.000805834823573772
2141,0.01170661828015,0.000802868441833933
2142,0.0116469916678034,0.000798517811847186
2143,0.0115907470579259,0.000795707375489982
2144,0.0115304542006925,0.000791592029590451
2145,0.0114711870905012,0.000788195741168505
2146,0.0114105914719403,0.000787238720864172
2147,0.0113526131794788,0.000783316899101776
2148,0.0112925760657527,0.000776805761348626
2149,0.0112402156600729,0.000771559363662681
2150,0.0111913686199114,0.000766002872050223
2151,0.0111408614669926,0.00076241942873099
2152,0.0110939811752178,0.000762305794228116
2153,0.0110512561886571,0.000760484858197606
2154,0.011005631913431,0.000755822080730448
2155,0.0109542727936059,0.000753818152454317
2156,0.0109004986309446,0.000751551231524612
2157,0.0108419706253335,0.000746542377390563
2158,0.0107813345873728,0.000743430985993383
2159,0.010717611850705,0.000738370908280299
2160,0.010655342801474,0.0007294923149432
2161,0.0106038456433453,0.00072479049181721
2162,0.0105633294093423,0.000721471500450104
2163,0.0105315171903931,0.000720929121338354
2164,0.0105093831010163,0.000719477516730955
2165,0.0104973541968502,0.00071986404134723
2166,0.0104932883102447,0.000718523559451214
2167,0.0105034777079709,0.000715239810334729
2168,0.0105116981710307,0.000714935517681278
2169,0.0105275752209127,0.000715706664554344
2170,0.0105444087320939,0.000716342958944566
2171,0.0105566173885018,0.000717452719100732
2172,0.0105608400097117,0.000720293770067041
2173,0.0105609786720015,0.000721993862428631
2174,0.0105523788603023,0.000722448578995208
2175,0.0105316333612427,0.000721762840456372
2176,0.0105056512192823,0.000719187738500907
2177,0.0104772486467846,0.000717045066886075
2178,0.0104429418337531,0.000714430578718786
2179,0.0104079360421747,0.000713497256073912
2180,0.0103782201558352,0.000714292915298752
2181,0.010350691860076,0.000711600620905937
2182,0.010329855219461,0.000708466119467993
2183,0.0103153262287378,0.000706007889449186
2184,0.0103033728082664,0.00070120420206169
2185,0.0102910552476533,0.0006986167149266
2186,0.0102880361746065,0.00069942626645273
2187,0.0102718812180683,0.000697821996140623
2188,0.0102551159006543,0.000695229066704528
2189,0.0102233616099693,0.00069365855513024
2190,0.0101882860553451,0.000692214764635975
2191,0.0101268849661574,0.000688519453646894
2192,0.0100483190524392,0.000684491665373199
2193,0.00995475752977654,0.000679365344421679
2194,0.00984472386771813,0.000672525896849554
2195,0.00972680874401704,0.000664859103646942
2196,0.00961766297230497,0.000656938805318417
2197,0.0095261441799812,0.000651477554582651
2198,0.00945099652046338,0.000647551846344275
2199,0.00939937214367092,0.000644596183354414
2200,0.00937550971051678,0.000641380907672675
2201,0.00937969996593893,0.000639698834907085
2202,0.00940915597369894,0.000639663737843613
2203,0.0094601084687747,0.000638079741965554
2204,0.00953024280024692,0.000640718370320056
2205,0.00961093827383593,0.00064499588179562
2206,0.00969688090030104,0.000646722308945611
2207,0.00977830567862839,0.000650855191971494
2208,0.00985162361059338,0.000655974294275784
2209,0.00990872873226181,0.000662038134621475
2210,0.0099503679969348,0.000666930595585933
2211,0.00997651997255161,0.000673186931492124
2212,0.00999431355856359,0.000676996469921477
2213,0.0099952104780823,0.000678000145454382
2214,0.00999150970252231,0.000679698042908728
2215,0.00997502078535035,0.000682209394821933
2216,0.00995466120773927,0.000682538473446273
2217,0.00992418007692322,0.000680543350268855
2218,0.00989892506506294,0.000681755560759816
2219,0.00986672883387655,0.000682606612883825
2220,0.00983280713437125,0.000680039232408868
2221,0.00980088513344526,0.000679447140999217
2222,0.00976208044448867,0.000676953081178219
2223,0.00972241399809718,0.000671819255477761
2224,0.00969013280235231,0.000669102627515007
2225,0.00965351836523041,0.000667374147643524
2226,0.0096088342461735,0.000664020329588908
2227,0.00956614701310173,0.000659461067354714
2228,0.00952415307052434,0.000655694073009005
2229,0.00947754246881232,0.000650361384527476
2230,0.00943468505516648,0.000643610793822474
2231,0.0093919215304777,0.000638588870508176
2232,0.00934342944528908,0.000636286397046649
2233,0.0092958382028155,0.000633429729859932
2234,0.00924834038829431,0.00063146177675936
2235,0.00920177246443927,0.000631070509175976
2236,0.00915640997234732,0.000626461453913636
2237,0.00911367794498801,0.00062368790099591
2238,0.00907586031826213,0.000623475948798232
2239,0.0090364756109193,0.000622231642449894
2240,0.00899828563211486,0.000619550137902538
2241,0.00895832679234445,0.000618413811986194
2242,0.00891948194475845,0.000618069853362714
2243,0.00887751943897456,0.000616336027817067
2244,0.0088302444643341,0.000615219294221376
2245,0.00878600829048082,0.00061324300513733
2246,0.00874362152069807,0.000610503003337386
2247,0.00869732582941651,0.000606806751826178
2248,0.00865351433400065,0.000602265120421149
2249,0.00861191786825657,0.000598655415538482
2250,0.00855577328708023,0.00059380456867667
2251,0.00849879003595561,0.000590230643312783
2252,0.00844778447179124,0.000587642537937727
2253,0.00839501567184925,0.000584358245766158
2254,0.00834423943189904,0.000582089837788107
2255,0.00829600939061493,0.000577492429529269
2256,0.00824750865809619,0.000570799769523347
2257,0.00819867440266535,0.00056710316921884
2258,0.00815644775982946,0.000562734117533427
2259,0.00812197240069509,0.000558444887389013
2260,0.00808405084302649,0.000556239130188305
2261,0.00804840097669512,0.000550465649745052
2262,0.00802343128016218,0.000545982198963435
2263,0.00800208343425766,0.000543417179368671
2264,0.00798513248097152,0.000537321167123564
2265,0.00797157799592242,0.000535772636223285
2266,0.00795810832409188,0.000539328569157539
2267,0.00794939621351659,0.000540310748003679
2268,0.00794149565510452,0.000539345704208361
2269,0.00792934629134834,0.000538861753214314
2270,0.00791577274212614,0.000539653626988477
2271,0.00790151076158509,0.000540920111771175
2272,0.00789047950878739,0.000540532823344516
2273,0.00788257418433204,0.0005425360058227
2274,0.00786973518552259,0.000542856914946515
2275,0.00786079219542444,0.000539349561722088
2276,0.00784551068907604,0.000538120438613147
2277,0.00781894670799375,0.000539966139554346
2278,0.00780077744042501,0.000539133476293639
2279,0.00778883473481983,0.000535304948210867
2280,0.00776533531490713,0.000532317966032983
2281,0.00773664898239076,0.000528499603424978
2282,0.0077147087873891,0.000527355649034063
2283,0.00768240368692204,0.000525634779663034
2284,0.00763848899165168,0.000520878148426858
2285,0.00759585230145603,0.000518251604247118
2286,0.00754828538512811,0.000514696104890463
2287,0.00748777647968382,0.000507799631789917
2288,0.00742545179557055,0.000506848029735379
2289,0.00736497192410752,0.000505578913953747
2290,0.00729353180387989,0.000499039919535381
2291,0.00722074965247884,0.000494409466210366
2292,0.00715989009011537,0.000491632913877495
2293,0.00710439831251278,0.000487692638778345
2294,0.0070550564979203,0.000485570766514518
2295,0.00701711296103895,0.000487121514521042
2296,0.00699199284194037,0.000486163928786007
2297,0.00698321324307472,0.000484386009317829
2298,0.00699207324767485,0.000486332154503594
2299,0.0070194436237216,0.000483907585530607
2300,0.00705556760076433,0.000481354533070856
2301,0.00710176131222397,0.000483232931502541
2302,0.00716562523972243,0.000483270288899408
2303,0.0072398385615088,0.00048776543083643
2304,0.00732007181271911,0.000497898460066932
2305,0.00739298746455461,0.000503927703929277
2306,0.00745051781181246,0.000510103974353193
2307,0.00749154603574425,0.000514146927554554
2308,0.00750923294341192,0.000513648963316566
2309,0.00749324396951124,0.000514554371474587
2310,0.007442193957977,0.000515839113522657
2311,0.00736042313044891,0.000511021663088573
2312,0.00724427663953975,0.000504413752115046
2313,0.00711925157811493,0.000499244094816113
2314,0.00699516974389553,0.000490496046231326
2315,0.00686704311752692,0.00048565285113292
2316,0.0067607428971678,0.000484138721031841
2317,0.00668287420528941,0.000477655623065096
2318,0.00662942589726299,0.000471154661037294
2319,0.00661089336965233,0.000465833980072393
2320,0.00662825283594429,0.000460624643292074
2321,0.00666985831339844,0.000459923764490105
2322,0.00673374962760136,0.000461227058693703
2323,0.00679640070069581,0.000464665977271653
2324,0.00688550299033523,0.000474815140026592
2325,0.0069419371848926,0.000480987705852258
2326,0.00699070150498301,0.000487269077587834
2327,0.00701400848804042,0.000491763270217692
2328,0.00702356088673696,0.000492092652719231
2329,0.00700707935495302,0.000491747541932567
2330,0.00696536930976436,0.000490774979568229
2331,0.00690857857232913,0.000489545550888305
2332,0.00683389347512275,0.000486642337792081
2333,0.00673743967199698,0.000483653853752532
2334,0.00663715902715921,0.000478541921130144
2335,0.00653859513811767,0.000471636358679602
2336,0.00642986456863582,0.000459901003610859
2337,0.00631684976513498,0.000453068431520874
2338,0.00621008215122856,0.00044894446165224
2339,0.00610788709600456,0.000440265090098465
2340,0.0060066926095169,0.000432194378767904
2341,0.00591293546371162,0.000422196899085094
2342,0.00582056864863262,0.000410073481360046
2343,0.00573089045006782,0.000400007088970311
2344,0.00566119475988671,0.000397018891545591
2345,0.00560483227600344,0.000398608848078481
2346,0.00555437103495933,0.000397869071159685
2347,0.00551061840960756,0.000395620675033706
2348,0.00547494556521997,0.000392146428289225
2349,0.00545475772581995,0.000387479835618092
2350,0.00546093711978756,0.000385834136721764
2351,0.0054915030580014,0.00038463917774295
2352,0.00554349044687115,0.000389581925414603
2353,0.00561185034457594,0.000397161759014795
2354,0.00568910316913389,0.000397166764707706
2355,0.00577249777154066,0.00039998701353859
2356,0.00585449366131797,0.000407946258200399
2357,0.0059306346566882,0.000411262984598526
2358,0.00599674260127358,0.000414095058061084
2359,0.00604074094211683,0.000424935527256279
2360,0.00604872217634693,0.000432376454314068
2361,0.00601484827930108,0.000430814363557056
2362,0.00594630462350324,0.000431289167247012
2363,0.00584812729153782,0.000429018003371851
2364,0.00572305391891859,0.000418376097465888
2365,0.0055859785922803,0.000408985125848563
2366,0.00544983554282226,0.000401277895499428
2367,0.00530946459854022,0.000390729332782721
2368,0.00517808352946304,0.000381550722713637
2369,0.00507011340348981,0.000374021545554791
2370,0.00497094465768896,0.000364679813450669
2371,0.00490045035257936,0.000361903149184293
2372,0.00487022708752193,0.000364566717905234
2373,0.00486168319708668,0.000364747427637799
2374,0.00487109020119533,0.000364537032516936
2375,0.00488905872683972,0.000363421416151159
2376,0.00490668311482295,0.000356658192760616
2377,0.00492477448307909,0.000353981448939718
2378,0.00493491251836531,0.000359619250982324
2379,0.00493742444203235,0.000361048616622425
2380,0.00493878085399047,0.000362988541250082
2381,0.00492941929958761,0.000363653133024853
2382,0.00492632438545115,0.000361690075679704
2383,0.00493112767464481,0.0003576872333779
2384,0.00492652156157419,0.000355148387913303
2385,0.00492169714998454,0.000360086484290982
2386,0.00493155306088738,0.00035939207262629
2387,0.00496183299575932,0.000363098611660862
2388,0.00500352474977262,0.000367669787161887
2389,0.00505966929369606,0.00036590952068964
2390,0.0051169551233761,0.000364580964916046
2391,0.00515559964231215,0.00036341736625393
2392,0.00519564115209505,0.000361729833986837
2393,0.00524061365402304,0.000368550676222436
2394,0.0052715050871484,0.000381578032648662
2395,0.00528468476608396,0.000389649333938859
2396,0.0052835209982004,0.000387892242544524
2397,0.00527867721044458,0.000379653509680753
2398,0.0052745464455802,0.000372581701620012
2399,0.00525515297427773,0.000368870218685117
2400,0.00521703607402742,0.000369759501627614
2401,0.00516119620762765,0.00037076457699596
2402,0.00508275888161734,0.00037005812480847
2403,0.00499413287267089,0.000364584158170748
2404,0.00491337534738705,0.000363018533195665
2405,0.00482097402098589,0.000356665308467542
2406,0.00471727669704705,0.000351611696752556
2407,0.00462622763239779,0.000347559590084323
2408,0.0045236414601095,0.000337165475934
2409,0.00441691392334178,0.000330056773130939
2410,0.00431866070721298,0.000323160469741645
2411,0.0042149270279333,0.00031131608042343
2412,0.00413071249146014,0.000303754243912805
2413,0.00406659404165111,0.000301338016903755
2414,0.0040161805821117,0.000308467329406458
2415,0.00398977424949408,0.000315597126645417
2416,0.00398656417499296,0.000313241403681387
2417,0.00400366521207616,0.000309516991321771
2418,0.00404315927415155,0.00030192663465305
2419,0.00411674179602414,0.000302687708181184
2420,0.00420605868217535,0.000311251465546801
2421,0.00430317011661828,0.000324412754769392
2422,0.00441404435085133,0.000335486001896883
2423,0.00450895904679783,0.000336904471809209
2424,0.00458230678574182,0.00033487684412288
2425,0.00464290524832904,0.000339942293019648
2426,0.00466515571810305,0.000348158147727785
2427,0.00465580440941267,0.000350314657153846
2428,0.00462814886937849,0.000350193759578077
2429,0.00456828062306158,0.000351828248009568
2430,0.00449809223646298,0.000345580691852658
2431,0.00442178441793658,0.000334339219805114
2432,0.00434213836095296,0.000330196031724854
2433,0.00426367989624851,0.000323771113365226
2434,0.00419772743363865,0.000316325486871923
2435,0.00415704061975703,0.000321934874425244
2436,0.00411442102398723,0.000324727405969241
2437,0.00409417328424752,0.000321119586446418
2438,0.00407581327017397,0.000321430268478676
2439,0.00401963144424371,0.000308568204049171
2440,0.0039519594819285,0.00030261448219135
2441,0.00386325240251608,0.00030452384186101
2442,0.00374553421046585,0.000301935904921604
2443,0.00360967114218511,0.000302444528151486
2444,0.00346405503572896,0.000295253392248893
2445,0.00331121652619913,0.00028233051785473
2446,0.00317475694813766,0.000277696839740518
2447,0.0030757189146243,0.000274092609644203
2448,0.00301775263564195,0.000269078757605596
2449,0.0030055383418221,0.000259180035211114
2450,0.00302625185344368,0.000253225199498605
2451,0.00308471096970607,0.000249404727824903
2452,0.00317789057968184,0.000254846429884591
2453,0.00329581742757,0.000264067073948813
2454,0.00342581923061516,0.00027610131522002
2455,0.00354745189310052,0.000282705482489402
2456,0.00364210143685341,0.000294145013876293
2457,0.00371231407858431,0.000294508761516748
2458,0.00375761927105486,0.000292288558841428
2459,0.0037749220780097,0.000295495022703536
2460,0.00376520445104688,0.00030038415013107
2461,0.00370988306007348,0.000304710967615609
2462,0.00364285351592116,0.00030881859039254
2463,0.00354828988434747,0.000310262216083947
2464,0.00344645458040759,0.000311903960187906
2465,0.00332007099990733,0.000322368451590059
2466,0.00320955811883323,0.000312835871992676
2467,0.00309680888429284,0.000282831690226432
2468,0.00298011977807619,0.00027638788891002
2469,0.00286302922409959,0.000270678849089758
2470,0.00275094035430811,0.000262005190333287
2471,0.00262664997018874,0.000266405629769639
2472,0.00251823855680414,0.000263937589796993
2473,0.00243064855865668,0.000248471871245325
2474,0.00232844248763286,0.000243233660249441
2475,0.00223683120042551,0.000262286298244273
2476,0.00212245446979068,0.000258674821186161
2477,0.00199143149424344,0.000250800743373444
2478,0.00185777296428569,0.000246304172804671
2479,0.00169146597501822,0.000237731380517375
2480,0.00153913652786287,0.000230653451685289
2481,0.00140734873770271,0.000233480142037954
2482,0.00128676707478007,0.000232460196095308
2483,0.00118999512807932,0.000234018489232434
2484,0.00110217885783641,0.000230504257996745
2485,0.00102179477384198,0.000228322317397514
2486,0.000943789077064139,0.000233569563647274
2487,0.00087432573789556,0.000245318168317267
2488,0.000825955663494824,0.000250206749945989
2489,0.000791996293155535,0.000267944883827881
2490,0.000783600164213567,0.000258784863590527
2491,0.000793372007246944,0.00026324093777334
2492,0.000828097505727783,0.000277030322923919
2493,0.000880235202912445,0.000304627849730864
2494,0.00090647239019745,0.000301737882803123
2495,0.000944738417674671,0.000307813332980255
2496,0.000999194298492512,0.00030212122565451
2497,0.00101097657090577,0.000349373932395939
2498,0.00102438316935149,0.000353844025123565
2499,0.0010486456486251,0.00035857436938132
2500,0.00103897003848033,0.000365679643132613
