"spec_pixel_list","spec_pixel_pred_no710"
1,669.869938796535
2,669.92106908845
3,669.972199380365
4,670.02332967228
5,670.074459964195
6,670.12559025611
7,670.176720548025
8,670.22785083994
9,670.278981131855
10,670.33011142377
11,670.381241715685
12,670.4323720076
13,670.483502299515
14,670.53463259143
15,670.585762883345
16,670.63689317526
17,670.688023467175
18,670.73915375909
19,670.790284051005
20,670.84141434292
21,670.892544634835
22,670.94367492675
23,670.994805218665
24,671.04593551058
25,671.097065802495
26,671.14819609441
27,671.199326386325
28,671.25045667824
29,671.301586970155
30,671.35271726207
31,671.403847553985
32,671.4549778459
33,671.506108137815
34,671.55723842973
35,671.608368721645
36,671.65949901356
37,671.710629305475
38,671.76175959739
39,671.812889889305
40,671.86402018122
41,671.915150473135
42,671.96628076505
43,672.017411056965
44,672.06854134888
45,672.119671640795
46,672.17080193271
47,672.221932224625
48,672.27306251654
49,672.324192808455
50,672.37532310037
51,672.426453392285
52,672.4775836842
53,672.528713976115
54,672.57984426803
55,672.630974559945
56,672.68210485186
57,672.733235143775
58,672.78436543569
59,672.835495727604
60,672.886626019519
61,672.937756311434
62,672.988886603349
63,673.040016895264
64,673.091147187179
65,673.142277479094
66,673.193407771009
67,673.244538062924
68,673.295668354839
69,673.346798646754
70,673.397928938669
71,673.449059230584
72,673.500189522499
73,673.551319814414
74,673.602450106329
75,673.653580398244
76,673.704710690159
77,673.755840982074
78,673.806971273989
79,673.858101565904
80,673.909231857819
81,673.960362149734
82,674.011492441649
83,674.062622733564
84,674.113753025479
85,674.164883317394
86,674.216013609309
87,674.267143901224
88,674.318274193139
89,674.369404485054
90,674.420534776969
91,674.471665068884
92,674.522795360799
93,674.573925652714
94,674.625055944629
95,674.676186236544
96,674.727316528459
97,674.778446820374
98,674.829577112289
99,674.880707404204
100,674.931837696119
101,674.982967988034
102,675.034098279949
103,675.085228571864
104,675.136358863779
105,675.187489155694
106,675.238619447609
107,675.289749739524
108,675.340880031439
109,675.392010323354
110,675.443140615269
111,675.494270907184
112,675.545401199099
113,675.596531491014
114,675.647661782929
115,675.698792074844
116,675.749922366759
117,675.801052658674
118,675.852182950589
119,675.903313242504
120,675.954443534419
121,676.005573826334
122,676.056704118248
123,676.107834410163
124,676.158964702078
125,676.210094993993
126,676.261225285908
127,676.312355577823
128,676.363485869738
129,676.414616161653
130,676.465746453568
131,676.516876745483
132,676.568007037398
133,676.619137329313
134,676.670267621228
135,676.721397913143
136,676.772528205058
137,676.823658496973
138,676.874788788888
139,676.925919080803
140,676.977049372718
141,677.028179664633
142,677.079309956548
143,677.130440248463
144,677.181570540378
145,677.232700832293
146,677.283831124208
147,677.334961416123
148,677.386091708038
149,677.437221999953
150,677.488352291868
151,677.539482583783
152,677.590612875698
153,677.641743167613
154,677.692873459528
155,677.744003751443
156,677.795134043358
157,677.846264335273
158,677.897394627188
159,677.948524919103
160,677.999655211018
161,678.050785502933
162,678.101915794848
163,678.153046086763
164,678.204176378678
165,678.255306670593
166,678.306436962508
167,678.357567254423
168,678.408697546338
169,678.459827838253
170,678.510958130168
171,678.562088422083
172,678.613218713998
173,678.664349005913
174,678.715479297828
175,678.766609589743
176,678.817739881658
177,678.868870173573
178,678.920000465488
179,678.971130757403
180,679.022261049318
181,679.073391341233
182,679.124521633148
183,679.175651925063
184,679.226782216978
185,679.277912508893
186,679.329042800808
187,679.380173092723
188,679.431303384638
189,679.482433676553
190,679.533563968468
191,679.584694260382
192,679.635824552297
193,679.686954844212
194,679.738085136127
195,679.789215428042
196,679.840345719957
197,679.891476011872
198,679.942606303787
199,679.993736595702
200,680.044866887617
201,680.095997179532
202,680.147127471447
203,680.198257763362
204,680.249388055277
205,680.300518347192
206,680.351648639107
207,680.402778931022
208,680.453909222937
209,680.505039514852
210,680.556169806767
211,680.607300098682
212,680.658430390597
213,680.709560682512
214,680.760690974427
215,680.811821266342
216,680.862951558257
217,680.914081850172
218,680.965212142087
219,681.016342434002
220,681.067472725917
221,681.118603017832
222,681.169733309747
223,681.220863601662
224,681.271993893577
225,681.323124185492
226,681.374254477407
227,681.425384769322
228,681.476515061237
229,681.527645353152
230,681.578775645067
231,681.629905936982
232,681.681036228897
233,681.732166520812
234,681.783296812727
235,681.834427104642
236,681.885557396557
237,681.936687688472
238,681.987817980387
239,682.038948272302
240,682.090078564217
241,682.141208856132
242,682.192339148047
243,682.243469439962
244,682.294599731877
245,682.345730023792
246,682.396860315707
247,682.447990607622
248,682.499120899537
249,682.550251191452
250,682.601381483367
251,682.652511775282
252,682.703642067197
253,682.754772359112
254,682.805902651026
255,682.857032942941
256,682.908163234856
257,682.959293526771
258,683.010423818686
259,683.061554110601
260,683.112684402516
261,683.163814694431
262,683.214944986346
263,683.266075278261
264,683.317205570176
265,683.368335862091
266,683.419466154006
267,683.470596445921
268,683.521726737836
269,683.572857029751
270,683.623987321666
271,683.675117613581
272,683.726247905496
273,683.777378197411
274,683.828508489326
275,683.879638781241
276,683.930769073156
277,683.981899365071
278,684.033029656986
279,684.084159948901
280,684.135290240816
281,684.186420532731
282,684.237550824646
283,684.288681116561
284,684.339811408476
285,684.390941700391
286,684.442071992306
287,684.493202284221
288,684.544332576136
289,684.595462868051
290,684.646593159966
291,684.697723451881
292,684.748853743796
293,684.799984035711
294,684.851114327626
295,684.902244619541
296,684.953374911456
297,685.004505203371
298,685.055635495286
299,685.106765787201
300,685.157896079116
301,685.209026371031
302,685.260156662946
303,685.311286954861
304,685.362417246776
305,685.413547538691
306,685.464677830606
307,685.515808122521
308,685.566938414436
309,685.618068706351
310,685.669198998266
311,685.720329290181
312,685.771459582096
313,685.822589874011
314,685.873720165926
315,685.924850457841
316,685.975980749756
317,686.027111041671
318,686.078241333586
319,686.129371625501
320,686.180501917416
321,686.231632209331
322,686.282762501246
323,686.33389279316
324,686.385023085075
325,686.43615337699
326,686.487283668905
327,686.53841396082
328,686.589544252735
329,686.64067454465
330,686.691804836565
331,686.74293512848
332,686.794065420395
333,686.84519571231
334,686.896326004225
335,686.94745629614
336,686.998586588055
337,687.04971687997
338,687.100847171885
339,687.1519774638
340,687.203107755715
341,687.25423804763
342,687.305368339545
343,687.35649863146
344,687.407628923375
345,687.45875921529
346,687.509889507205
347,687.56101979912
348,687.612150091035
349,687.66328038295
350,687.714410674865
351,687.76554096678
352,687.816671258695
353,687.86780155061
354,687.918931842525
355,687.97006213444
356,688.021192426355
357,688.07232271827
358,688.123453010185
359,688.1745833021
360,688.225713594015
361,688.27684388593
362,688.327974177845
363,688.37910446976
364,688.430234761675
365,688.48136505359
366,688.532495345505
367,688.58362563742
368,688.634755929335
369,688.68588622125
370,688.737016513165
371,688.78814680508
372,688.839277096995
373,688.89040738891
374,688.941537680825
375,688.99266797274
376,689.043798264655
377,689.09492855657
378,689.146058848485
379,689.1971891404
380,689.248319432315
381,689.29944972423
382,689.350580016145
383,689.40171030806
384,689.452840599975
385,689.50397089189
386,689.555101183804
387,689.606231475719
388,689.657361767634
389,689.708492059549
390,689.759622351464
391,689.810752643379
392,689.861882935294
393,689.913013227209
394,689.964143519124
395,690.015273811039
396,690.066404102954
397,690.117534394869
398,690.168664686784
399,690.219794978699
400,690.270925270614
401,690.322055562529
402,690.373185854444
403,690.424316146359
404,690.475446438274
405,690.526576730189
406,690.577707022104
407,690.628837314019
408,690.679967605934
409,690.731097897849
410,690.782228189764
411,690.833358481679
412,690.884488773594
413,690.935619065509
414,690.986749357424
415,691.037879649339
416,691.089009941254
417,691.140140233169
418,691.191270525084
419,691.242400816999
420,691.293531108914
421,691.344661400829
422,691.395791692744
423,691.446921984659
424,691.498052276574
425,691.549182568489
426,691.600312860404
427,691.651443152319
428,691.702573444234
429,691.753703736149
430,691.804834028064
431,691.855964319979
432,691.907094611894
433,691.958224903809
434,692.009355195724
435,692.060485487639
436,692.111615779554
437,692.162746071469
438,692.213876363384
439,692.265006655299
440,692.316136947214
441,692.367267239129
442,692.418397531044
443,692.469527822959
444,692.520658114874
445,692.571788406789
446,692.622918698704
447,692.674048990619
448,692.725179282534
449,692.776309574449
450,692.827439866364
451,692.878570158279
452,692.929700450194
453,692.980830742109
454,693.031961034024
455,693.083091325938
456,693.134221617853
457,693.185351909768
458,693.236482201683
459,693.287612493598
460,693.338742785513
461,693.389873077428
462,693.441003369343
463,693.492133661258
464,693.543263953173
465,693.594394245088
466,693.645524537003
467,693.696654828918
468,693.747785120833
469,693.798915412748
470,693.850045704663
471,693.901175996578
472,693.952306288493
473,694.003436580408
474,694.054566872323
475,694.105697164238
476,694.156827456153
477,694.207957748068
478,694.259088039983
479,694.310218331898
480,694.361348623813
481,694.412478915728
482,694.463609207643
483,694.514739499558
484,694.565869791473
485,694.617000083388
486,694.668130375303
487,694.719260667218
488,694.770390959133
489,694.821521251048
490,694.872651542963
491,694.923781834878
492,694.974912126793
493,695.026042418708
494,695.077172710623
495,695.128303002538
496,695.179433294453
497,695.230563586368
498,695.281693878283
499,695.332824170198
500,695.383954462113
501,695.435084754028
502,695.486215045943
503,695.537345337858
504,695.588475629773
505,695.639605921688
506,695.690736213603
507,695.741866505518
508,695.792996797433
509,695.844127089348
510,695.895257381263
511,695.946387673178
512,695.997517965093
513,696.048648257008
514,696.099778548923
515,696.150908840838
516,696.202039132753
517,696.253169424667
518,696.304299716582
519,696.355430008497
520,696.406560300412
521,696.457690592327
522,696.508820884242
523,696.559951176157
524,696.611081468072
525,696.662211759987
526,696.713342051902
527,696.764472343817
528,696.815602635732
529,696.866732927647
530,696.917863219562
531,696.968993511477
532,697.020123803392
533,697.071254095307
534,697.122384387222
535,697.173514679137
536,697.224644971052
537,697.275775262967
538,697.326905554882
539,697.378035846797
540,697.429166138712
541,697.480296430627
542,697.531426722542
543,697.582557014457
544,697.633687306372
545,697.684817598287
546,697.735947890202
547,697.787078182117
548,697.838208474032
549,697.889338765947
550,697.940469057862
551,697.991599349777
552,698.042729641692
553,698.093859933607
554,698.144990225522
555,698.196120517437
556,698.247250809352
557,698.298381101267
558,698.349511393182
559,698.400641685097
560,698.451771977012
561,698.502902268927
562,698.554032560842
563,698.605162852757
564,698.656293144672
565,698.707423436587
566,698.758553728502
567,698.809684020417
568,698.860814312332
569,698.911944604247
570,698.963074896162
571,699.014205188077
572,699.065335479992
573,699.116465771907
574,699.167596063822
575,699.218726355737
576,699.269856647652
577,699.320986939567
578,699.372117231482
579,699.423247523397
580,699.474377815312
581,699.525508107227
582,699.576638399142
583,699.627768691057
584,699.678898982972
585,699.730029274887
586,699.781159566802
587,699.832289858716
588,699.883420150631
589,699.934550442546
590,699.985680734461
591,700.036811026376
592,700.087941318291
593,700.139071610206
594,700.190201902121
595,700.241332194036
596,700.292462485951
597,700.343592777866
598,700.394723069781
599,700.445853361696
600,700.496983653611
601,700.548113945526
602,700.599244237441
603,700.650374529356
604,700.701504821271
605,700.752635113186
606,700.803765405101
607,700.854895697016
608,700.906025988931
609,700.957156280846
610,701.008286572761
611,701.059416864676
612,701.110547156591
613,701.161677448506
614,701.212807740421
615,701.263938032336
616,701.315068324251
617,701.366198616166
618,701.417328908081
619,701.468459199996
620,701.519589491911
621,701.570719783826
622,701.621850075741
623,701.672980367656
624,701.724110659571
625,701.775240951486
626,701.826371243401
627,701.877501535316
628,701.928631827231
629,701.979762119146
630,702.030892411061
631,702.082022702976
632,702.133152994891
633,702.184283286806
634,702.235413578721
635,702.286543870636
636,702.337674162551
637,702.388804454466
638,702.439934746381
639,702.491065038296
640,702.542195330211
641,702.593325622126
642,702.644455914041
643,702.695586205956
644,702.746716497871
645,702.797846789786
646,702.848977081701
647,702.900107373616
648,702.951237665531
649,703.002367957445
650,703.05349824936
651,703.104628541275
652,703.15575883319
653,703.206889125105
654,703.25801941702
655,703.309149708935
656,703.36028000085
657,703.411410292765
658,703.46254058468
659,703.513670876595
660,703.56480116851
661,703.615931460425
662,703.66706175234
663,703.718192044255
664,703.76932233617
665,703.820452628085
666,703.87158292
667,703.922713211915
668,703.97384350383
669,704.024973795745
670,704.07610408766
671,704.127234379575
672,704.17836467149
673,704.229494963405
674,704.28062525532
675,704.331755547235
676,704.38288583915
677,704.434016131065
678,704.48514642298
679,704.536276714895
680,704.58740700681
681,704.638537298725
682,704.68966759064
683,704.740797882555
684,704.79192817447
685,704.843058466385
686,704.8941887583
687,704.945319050215
688,704.99644934213
689,705.047579634045
690,705.09870992596
691,705.149840217875
692,705.20097050979
693,705.252100801705
694,705.30323109362
695,705.354361385535
696,705.40549167745
697,705.456621969365
698,705.50775226128
699,705.558882553195
700,705.61001284511
701,705.661143137025
702,705.71227342894
703,705.763403720855
704,705.81453401277
705,705.865664304685
706,705.9167945966
707,705.967924888515
708,706.01905518043
709,706.070185472345
710,706.12131576426
711,706.172446056175
712,706.22357634809
713,706.274706640005
714,706.32583693192
715,706.376967223835
716,706.42809751575
717,706.479227807665
718,706.530358099579
719,706.581488391494
720,706.632618683409
721,706.683748975324
722,706.734879267239
723,706.786009559154
724,706.837139851069
725,706.888270142984
726,706.939400434899
727,706.990530726814
728,707.041661018729
729,707.092791310644
730,707.143921602559
731,707.195051894474
732,707.246182186389
733,707.297312478304
734,707.348442770219
735,707.399573062134
736,707.450703354049
737,707.501833645964
738,707.552963937879
739,707.604094229794
740,707.655224521709
741,707.706354813624
742,707.757485105539
743,707.808615397454
744,707.859745689369
745,707.910875981284
746,707.962006273199
747,708.013136565114
748,708.064266857029
749,708.115397148944
750,708.166527440859
751,708.217657732774
752,708.268788024689
753,708.319918316604
754,708.371048608519
755,708.422178900434
756,708.473309192349
757,708.524439484264
758,708.575569776179
759,708.626700068094
760,708.677830360009
761,708.728960651924
762,708.780090943839
763,708.831221235754
764,708.882351527669
765,708.933481819584
766,708.984612111499
767,709.035742403414
768,709.086872695329
769,709.138002987244
770,709.189133279159
771,709.240263571074
772,709.291393862989
773,709.342524154904
774,709.393654446819
775,709.444784738734
776,709.495915030649
777,709.547045322564
778,709.598175614479
779,709.649305906394
780,709.700436198309
781,709.751566490223
782,709.802696782138
783,709.853827074053
784,709.904957365968
785,709.956087657883
786,710.007217949798
787,710.058348241713
788,710.109478533628
789,710.160608825543
790,710.211739117458
791,710.262869409373
792,710.313999701288
793,710.365129993203
794,710.416260285118
795,710.467390577033
796,710.518520868948
797,710.569651160863
798,710.620781452778
799,710.671911744693
800,710.723042036608
801,710.774172328523
802,710.825302620438
803,710.876432912353
804,710.927563204268
805,710.978693496183
806,711.029823788098
807,711.080954080013
808,711.132084371928
809,711.183214663843
810,711.234344955758
811,711.285475247673
812,711.336605539588
813,711.387735831503
814,711.438866123418
815,711.489996415333
816,711.541126707248
817,711.592256999163
818,711.643387291078
819,711.694517582993
820,711.745647874908
821,711.796778166823
822,711.847908458738
823,711.899038750653
824,711.950169042568
825,712.001299334483
826,712.052429626398
827,712.103559918313
828,712.154690210228
829,712.205820502143
830,712.256950794058
831,712.308081085973
832,712.359211377888
833,712.410341669803
834,712.461471961718
835,712.512602253633
836,712.563732545548
837,712.614862837463
838,712.665993129378
839,712.717123421293
840,712.768253713208
841,712.819384005123
842,712.870514297038
843,712.921644588953
844,712.972774880868
845,713.023905172783
846,713.075035464698
847,713.126165756613
848,713.177296048528
849,713.228426340443
850,713.279556632357
851,713.330686924272
852,713.381817216187
853,713.432947508102
854,713.484077800017
855,713.535208091932
856,713.586338383847
857,713.637468675762
858,713.688598967677
859,713.739729259592
860,713.790859551507
861,713.841989843422
862,713.893120135337
863,713.944250427252
864,713.995380719167
865,714.046511011082
866,714.097641302997
867,714.148771594912
868,714.199901886827
869,714.251032178742
870,714.302162470657
871,714.353292762572
872,714.404423054487
873,714.455553346402
874,714.506683638317
875,714.557813930232
876,714.608944222147
877,714.660074514062
878,714.711204805977
879,714.762335097892
880,714.813465389807
881,714.864595681722
882,714.915725973637
883,714.966856265552
884,715.017986557467
885,715.069116849382
886,715.120247141297
887,715.171377433212
888,715.222507725127
889,715.273638017042
890,715.324768308957
891,715.375898600872
892,715.427028892787
893,715.478159184702
894,715.529289476617
895,715.580419768532
896,715.631550060447
897,715.682680352362
898,715.733810644277
899,715.784940936192
900,715.836071228107
901,715.887201520022
902,715.938331811937
903,715.989462103852
904,716.040592395767
905,716.091722687682
906,716.142852979597
907,716.193983271512
908,716.245113563427
909,716.296243855342
910,716.347374147257
911,716.398504439172
912,716.449634731086
913,716.500765023001
914,716.551895314916
915,716.603025606831
916,716.654155898746
917,716.705286190661
918,716.756416482576
919,716.807546774491
920,716.858677066406
921,716.909807358321
922,716.960937650236
923,717.012067942151
924,717.063198234066
925,717.114328525981
926,717.165458817896
927,717.216589109811
928,717.267719401726
929,717.318849693641
930,717.369979985556
931,717.421110277471
932,717.472240569386
933,717.523370861301
934,717.574501153216
935,717.625631445131
936,717.676761737046
937,717.727892028961
938,717.779022320876
939,717.830152612791
940,717.881282904706
941,717.932413196621
942,717.983543488536
943,718.034673780451
944,718.085804072366
945,718.136934364281
946,718.188064656196
947,718.239194948111
948,718.290325240026
949,718.341455531941
950,718.392585823856
951,718.443716115771
952,718.494846407686
953,718.545976699601
954,718.597106991516
955,718.648237283431
956,718.699367575346
957,718.750497867261
958,718.801628159176
959,718.852758451091
960,718.903888743006
961,718.955019034921
962,719.006149326836
963,719.057279618751
964,719.108409910666
965,719.159540202581
966,719.210670494496
967,719.261800786411
968,719.312931078326
969,719.364061370241
970,719.415191662156
971,719.466321954071
972,719.517452245986
973,719.568582537901
974,719.619712829816
975,719.670843121731
976,719.721973413646
977,719.773103705561
978,719.824233997476
979,719.875364289391
980,719.926494581306
981,719.977624873221
982,720.028755165135
983,720.07988545705
984,720.131015748965
985,720.18214604088
986,720.233276332795
987,720.28440662471
988,720.335536916625
989,720.38666720854
990,720.437797500455
991,720.48892779237
992,720.540058084285
993,720.5911883762
994,720.642318668115
995,720.69344896003
996,720.744579251945
997,720.79570954386
998,720.846839835775
999,720.89797012769
1000,720.949100419605
1001,721.00023071152
1002,721.051361003435
1003,721.10249129535
1004,721.153621587265
1005,721.20475187918
1006,721.255882171095
1007,721.30701246301
1008,721.358142754925
1009,721.40927304684
1010,721.460403338755
1011,721.51153363067
1012,721.562663922585
1013,721.6137942145
1014,721.664924506415
1015,721.71605479833
1016,721.767185090245
1017,721.81831538216
1018,721.869445674075
1019,721.92057596599
1020,721.971706257905
1021,722.02283654982
1022,722.073966841735
1023,722.12509713365
1024,722.176227425565
1025,722.22735771748
1026,722.278488009395
1027,722.32961830131
1028,722.380748593225
1029,722.43187888514
1030,722.483009177055
1031,722.53413946897
1032,722.585269760885
1033,722.6364000528
1034,722.687530344715
1035,722.73866063663
1036,722.789790928545
1037,722.84092122046
1038,722.892051512375
1039,722.94318180429
1040,722.994312096205
1041,723.04544238812
1042,723.096572680035
1043,723.14770297195
1044,723.198833263865
1045,723.249963555779
1046,723.301093847694
1047,723.352224139609
1048,723.403354431524
1049,723.454484723439
1050,723.505615015354
1051,723.556745307269
1052,723.607875599184
1053,723.659005891099
1054,723.710136183014
1055,723.761266474929
1056,723.812396766844
1057,723.863527058759
1058,723.914657350674
1059,723.965787642589
1060,724.016917934504
1061,724.068048226419
1062,724.119178518334
1063,724.170308810249
1064,724.221439102164
1065,724.272569394079
1066,724.323699685994
1067,724.374829977909
1068,724.425960269824
1069,724.477090561739
1070,724.528220853654
1071,724.579351145569
1072,724.630481437484
1073,724.681611729399
1074,724.732742021314
1075,724.783872313229
1076,724.835002605144
1077,724.886132897059
1078,724.937263188974
1079,724.988393480889
1080,725.039523772804
1081,725.090654064719
1082,725.141784356634
1083,725.192914648549
1084,725.244044940464
1085,725.295175232379
1086,725.346305524294
1087,725.397435816209
1088,725.448566108124
1089,725.499696400039
1090,725.550826691954
1091,725.601956983869
1092,725.653087275784
1093,725.704217567699
1094,725.755347859614
1095,725.806478151529
1096,725.857608443444
1097,725.908738735359
1098,725.959869027274
1099,726.010999319189
1100,726.062129611104
1101,726.113259903019
1102,726.164390194934
1103,726.215520486849
1104,726.266650778764
1105,726.317781070679
1106,726.368911362594
1107,726.420041654509
1108,726.471171946424
1109,726.522302238339
1110,726.573432530254
1111,726.624562822169
1112,726.675693114084
1113,726.726823405999
1114,726.777953697913
1115,726.829083989828
1116,726.880214281743
1117,726.931344573658
1118,726.982474865573
1119,727.033605157488
1120,727.084735449403
1121,727.135865741318
1122,727.186996033233
1123,727.238126325148
1124,727.289256617063
1125,727.340386908978
1126,727.391517200893
1127,727.442647492808
1128,727.493777784723
1129,727.544908076638
1130,727.596038368553
1131,727.647168660468
1132,727.698298952383
1133,727.749429244298
1134,727.800559536213
1135,727.851689828128
1136,727.902820120043
1137,727.953950411958
1138,728.005080703873
1139,728.056210995788
1140,728.107341287703
1141,728.158471579618
1142,728.209601871533
1143,728.260732163448
1144,728.311862455363
1145,728.362992747278
1146,728.414123039193
1147,728.465253331108
1148,728.516383623023
1149,728.567513914938
1150,728.618644206853
1151,728.669774498768
1152,728.720904790683
1153,728.772035082598
1154,728.823165374513
1155,728.874295666428
1156,728.925425958343
1157,728.976556250258
1158,729.027686542173
1159,729.078816834088
1160,729.129947126003
1161,729.181077417918
1162,729.232207709833
1163,729.283338001748
1164,729.334468293663
1165,729.385598585578
1166,729.436728877493
1167,729.487859169408
1168,729.538989461323
1169,729.590119753238
1170,729.641250045153
1171,729.692380337068
1172,729.743510628983
1173,729.794640920898
1174,729.845771212813
1175,729.896901504728
1176,729.948031796642
1177,729.999162088557
1178,730.050292380472
1179,730.101422672387
1180,730.152552964302
1181,730.203683256217
1182,730.254813548132
1183,730.305943840047
1184,730.357074131962
1185,730.408204423877
1186,730.459334715792
1187,730.510465007707
1188,730.561595299622
1189,730.612725591537
1190,730.663855883452
1191,730.714986175367
1192,730.766116467282
1193,730.817246759197
1194,730.868377051112
1195,730.919507343027
1196,730.970637634942
1197,731.021767926857
1198,731.072898218772
1199,731.124028510687
1200,731.175158802602
1201,731.226289094517
1202,731.277419386432
1203,731.328549678347
1204,731.379679970262
1205,731.430810262177
1206,731.481940554092
1207,731.533070846007
1208,731.584201137922
1209,731.635331429837
1210,731.686461721752
1211,731.737592013667
1212,731.788722305582
1213,731.839852597497
1214,731.890982889412
1215,731.942113181327
1216,731.993243473242
1217,732.044373765157
1218,732.095504057072
1219,732.146634348987
1220,732.197764640902
1221,732.248894932817
1222,732.300025224732
1223,732.351155516647
1224,732.402285808562
1225,732.453416100477
1226,732.504546392392
1227,732.555676684307
1228,732.606806976222
1229,732.657937268137
1230,732.709067560052
1231,732.760197851967
1232,732.811328143882
1233,732.862458435797
1234,732.913588727712
1235,732.964719019627
1236,733.015849311542
1237,733.066979603457
1238,733.118109895372
1239,733.169240187287
1240,733.220370479202
1241,733.271500771117
1242,733.322631063032
1243,733.373761354947
1244,733.424891646862
1245,733.476021938777
1246,733.527152230691
1247,733.578282522606
1248,733.629412814521
1249,733.680543106436
1250,733.731673398351
1251,733.782803690266
1252,733.833933982181
1253,733.885064274096
1254,733.936194566011
1255,733.987324857926
1256,734.038455149841
1257,734.089585441756
1258,734.140715733671
1259,734.191846025586
1260,734.242976317501
1261,734.294106609416
1262,734.345236901331
1263,734.396367193246
1264,734.447497485161
1265,734.498627777076
1266,734.549758068991
1267,734.600888360906
1268,734.652018652821
1269,734.703148944736
1270,734.754279236651
1271,734.805409528566
1272,734.856539820481
1273,734.907670112396
1274,734.958800404311
1275,735.009930696226
1276,735.061060988141
1277,735.112191280056
1278,735.163321571971
1279,735.214451863886
1280,735.265582155801
1281,735.316712447716
1282,735.367842739631
1283,735.418973031546
1284,735.470103323461
1285,735.521233615376
1286,735.572363907291
1287,735.623494199206
1288,735.674624491121
1289,735.725754783036
1290,735.776885074951
1291,735.828015366866
1292,735.879145658781
1293,735.930275950696
1294,735.981406242611
1295,736.032536534526
1296,736.083666826441
1297,736.134797118356
1298,736.185927410271
1299,736.237057702186
1300,736.288187994101
1301,736.339318286016
1302,736.390448577931
1303,736.441578869846
1304,736.492709161761
1305,736.543839453676
1306,736.594969745591
1307,736.646100037506
1308,736.69723032942
1309,736.748360621335
1310,736.79949091325
1311,736.850621205165
1312,736.90175149708
1313,736.952881788995
1314,737.00401208091
1315,737.055142372825
1316,737.10627266474
1317,737.157402956655
1318,737.20853324857
1319,737.259663540485
1320,737.3107938324
1321,737.361924124315
1322,737.41305441623
1323,737.464184708145
1324,737.51531500006
1325,737.566445291975
1326,737.61757558389
1327,737.668705875805
1328,737.71983616772
1329,737.770966459635
1330,737.82209675155
1331,737.873227043465
1332,737.92435733538
1333,737.975487627295
1334,738.02661791921
1335,738.077748211125
1336,738.12887850304
1337,738.180008794955
1338,738.23113908687
1339,738.282269378785
1340,738.3333996707
1341,738.384529962615
1342,738.43566025453
1343,738.486790546445
1344,738.53792083836
1345,738.589051130275
1346,738.64018142219
1347,738.691311714105
1348,738.74244200602
1349,738.793572297935
1350,738.84470258985
1351,738.895832881765
1352,738.94696317368
1353,738.998093465595
1354,739.04922375751
1355,739.100354049425
1356,739.15148434134
1357,739.202614633255
1358,739.25374492517
1359,739.304875217085
1360,739.356005509
1361,739.407135800915
1362,739.45826609283
1363,739.509396384745
1364,739.56052667666
1365,739.611656968575
1366,739.66278726049
1367,739.713917552405
1368,739.76504784432
1369,739.816178136235
1370,739.867308428149
1371,739.918438720065
1372,739.96956901198
1373,740.020699303895
1374,740.07182959581
1375,740.122959887725
1376,740.17409017964
1377,740.225220471554
1378,740.276350763469
1379,740.327481055384
1380,740.378611347299
1381,740.429741639214
1382,740.480871931129
1383,740.532002223044
1384,740.583132514959
1385,740.634262806874
1386,740.685393098789
1387,740.736523390704
1388,740.787653682619
1389,740.838783974534
1390,740.889914266449
1391,740.941044558364
1392,740.992174850279
1393,741.043305142194
1394,741.094435434109
1395,741.145565726024
1396,741.196696017939
1397,741.247826309854
1398,741.298956601769
1399,741.350086893684
1400,741.401217185599
1401,741.452347477514
1402,741.503477769429
1403,741.554608061344
1404,741.605738353259
1405,741.656868645174
1406,741.707998937089
1407,741.759129229004
1408,741.810259520919
1409,741.861389812834
1410,741.912520104749
1411,741.963650396664
1412,742.014780688579
1413,742.065910980494
1414,742.117041272409
1415,742.168171564324
1416,742.219301856239
1417,742.270432148154
1418,742.321562440069
1419,742.372692731984
1420,742.423823023899
1421,742.474953315814
1422,742.526083607729
1423,742.577213899644
1424,742.628344191559
1425,742.679474483474
1426,742.730604775389
1427,742.781735067304
1428,742.832865359219
1429,742.883995651134
1430,742.935125943049
1431,742.986256234964
1432,743.037386526879
1433,743.088516818794
1434,743.139647110709
1435,743.190777402624
1436,743.241907694539
1437,743.293037986454
1438,743.344168278369
1439,743.395298570284
1440,743.446428862198
1441,743.497559154113
1442,743.548689446028
1443,743.599819737943
1444,743.650950029858
1445,743.702080321773
1446,743.753210613688
1447,743.804340905603
1448,743.855471197518
1449,743.906601489433
1450,743.957731781348
1451,744.008862073263
1452,744.059992365178
1453,744.111122657093
1454,744.162252949008
1455,744.213383240923
1456,744.264513532838
1457,744.315643824753
1458,744.366774116668
1459,744.417904408583
1460,744.469034700498
1461,744.520164992413
1462,744.571295284328
1463,744.622425576243
1464,744.673555868158
1465,744.724686160073
1466,744.775816451988
1467,744.826946743903
1468,744.878077035818
1469,744.929207327733
1470,744.980337619648
1471,745.031467911563
1472,745.082598203478
1473,745.133728495393
1474,745.184858787308
1475,745.235989079223
1476,745.287119371138
1477,745.338249663053
1478,745.389379954968
1479,745.440510246883
1480,745.491640538798
1481,745.542770830713
1482,745.593901122628
1483,745.645031414543
1484,745.696161706458
1485,745.747291998373
1486,745.798422290288
1487,745.849552582203
1488,745.900682874118
1489,745.951813166033
1490,746.002943457948
1491,746.054073749863
1492,746.105204041778
1493,746.156334333693
1494,746.207464625608
1495,746.258594917523
1496,746.309725209438
1497,746.360855501353
1498,746.411985793268
1499,746.463116085183
1500,746.514246377098
1501,746.565376669013
1502,746.616506960928
1503,746.667637252842
1504,746.718767544757
1505,746.769897836672
1506,746.821028128587
1507,746.872158420503
1508,746.923288712418
1509,746.974419004333
1510,747.025549296247
1511,747.076679588162
1512,747.127809880077
1513,747.178940171992
1514,747.230070463907
1515,747.281200755822
1516,747.332331047737
1517,747.383461339652
1518,747.434591631567
1519,747.485721923482
1520,747.536852215397
1521,747.587982507312
1522,747.639112799227
1523,747.690243091142
1524,747.741373383057
1525,747.792503674972
1526,747.843633966887
1527,747.894764258802
1528,747.945894550717
1529,747.997024842632
1530,748.048155134547
1531,748.099285426462
1532,748.150415718377
1533,748.201546010292
1534,748.252676302207
1535,748.303806594122
1536,748.354936886037
1537,748.406067177952
1538,748.457197469867
1539,748.508327761782
1540,748.559458053697
1541,748.610588345612
1542,748.661718637527
1543,748.712848929442
1544,748.763979221357
1545,748.815109513272
1546,748.866239805187
1547,748.917370097102
1548,748.968500389017
1549,749.019630680932
1550,749.070760972847
1551,749.121891264762
1552,749.173021556677
1553,749.224151848592
1554,749.275282140507
1555,749.326412432422
1556,749.377542724337
1557,749.428673016252
1558,749.479803308167
1559,749.530933600082
1560,749.582063891997
1561,749.633194183912
1562,749.684324475827
1563,749.735454767742
1564,749.786585059657
1565,749.837715351572
1566,749.888845643487
1567,749.939975935402
1568,749.991106227317
1569,750.042236519232
1570,750.093366811147
1571,750.144497103061
1572,750.195627394976
1573,750.246757686891
1574,750.297887978806
1575,750.349018270721
1576,750.400148562636
1577,750.451278854551
1578,750.502409146466
1579,750.553539438381
1580,750.604669730296
1581,750.655800022211
1582,750.706930314126
1583,750.758060606041
1584,750.809190897956
1585,750.860321189871
1586,750.911451481786
1587,750.962581773701
1588,751.013712065616
1589,751.064842357531
1590,751.115972649446
1591,751.167102941361
1592,751.218233233276
1593,751.269363525191
1594,751.320493817106
1595,751.371624109021
1596,751.422754400936
1597,751.473884692851
1598,751.525014984766
1599,751.576145276681
1600,751.627275568596
1601,751.678405860511
1602,751.729536152426
1603,751.780666444341
1604,751.831796736256
1605,751.882927028171
1606,751.934057320086
1607,751.985187612001
1608,752.036317903916
1609,752.087448195831
1610,752.138578487746
1611,752.189708779661
1612,752.240839071576
1613,752.291969363491
1614,752.343099655406
1615,752.394229947321
1616,752.445360239236
1617,752.496490531151
1618,752.547620823066
1619,752.598751114981
1620,752.649881406896
1621,752.701011698811
1622,752.752141990726
1623,752.803272282641
1624,752.854402574556
1625,752.905532866471
1626,752.956663158386
1627,753.007793450301
1628,753.058923742216
1629,753.110054034131
1630,753.161184326046
1631,753.212314617961
1632,753.263444909876
1633,753.314575201791
1634,753.365705493705
1635,753.41683578562
1636,753.467966077535
1637,753.51909636945
1638,753.570226661365
1639,753.62135695328
1640,753.672487245195
1641,753.72361753711
1642,753.774747829025
1643,753.82587812094
1644,753.877008412855
1645,753.92813870477
1646,753.979268996685
1647,754.0303992886
1648,754.081529580515
1649,754.13265987243
1650,754.183790164345
1651,754.23492045626
1652,754.286050748175
1653,754.33718104009
1654,754.388311332005
1655,754.43944162392
1656,754.490571915835
1657,754.54170220775
1658,754.592832499665
1659,754.64396279158
1660,754.695093083495
1661,754.74622337541
1662,754.797353667325
1663,754.84848395924
1664,754.899614251155
1665,754.95074454307
1666,755.001874834985
1667,755.0530051269
1668,755.104135418815
1669,755.15526571073
1670,755.206396002645
1671,755.25752629456
1672,755.308656586475
1673,755.35978687839
1674,755.410917170305
1675,755.46204746222
1676,755.513177754135
1677,755.56430804605
1678,755.615438337965
1679,755.66656862988
1680,755.717698921795
1681,755.76882921371
1682,755.819959505625
1683,755.87108979754
1684,755.922220089455
1685,755.97335038137
1686,756.024480673285
1687,756.0756109652
1688,756.126741257115
1689,756.17787154903
1690,756.229001840945
1691,756.28013213286
1692,756.331262424775
1693,756.38239271669
1694,756.433523008605
1695,756.48465330052
1696,756.535783592435
1697,756.58691388435
1698,756.638044176265
1699,756.68917446818
1700,756.740304760095
1701,756.79143505201
1702,756.842565343925
1703,756.89369563584
1704,756.944825927754
1705,756.995956219669
1706,757.047086511584
1707,757.098216803499
1708,757.149347095414
1709,757.200477387329
1710,757.251607679244
1711,757.302737971159
1712,757.353868263074
1713,757.404998554989
1714,757.456128846904
1715,757.507259138819
1716,757.558389430734
1717,757.609519722649
1718,757.660650014564
1719,757.711780306479
1720,757.762910598394
1721,757.814040890309
1722,757.865171182224
1723,757.916301474139
1724,757.967431766054
1725,758.018562057969
1726,758.069692349884
1727,758.120822641799
1728,758.171952933714
1729,758.223083225629
1730,758.274213517544
1731,758.325343809459
1732,758.376474101374
1733,758.427604393289
1734,758.478734685204
1735,758.529864977119
1736,758.580995269034
1737,758.632125560949
1738,758.683255852864
1739,758.734386144779
1740,758.785516436694
1741,758.836646728609
1742,758.887777020524
1743,758.938907312439
1744,758.990037604354
1745,759.041167896269
1746,759.092298188184
1747,759.143428480099
1748,759.194558772014
1749,759.245689063929
1750,759.296819355844
1751,759.347949647759
1752,759.399079939674
1753,759.450210231589
1754,759.501340523504
1755,759.552470815419
1756,759.603601107334
1757,759.654731399249
1758,759.705861691164
1759,759.756991983079
1760,759.808122274994
1761,759.859252566909
1762,759.910382858824
1763,759.961513150739
1764,760.012643442654
1765,760.063773734568
1766,760.114904026483
1767,760.166034318398
1768,760.217164610313
1769,760.268294902228
1770,760.319425194143
1771,760.370555486058
1772,760.421685777973
1773,760.472816069888
1774,760.523946361803
1775,760.575076653718
1776,760.626206945633
1777,760.677337237548
1778,760.728467529463
1779,760.779597821378
1780,760.830728113293
1781,760.881858405208
1782,760.932988697123
1783,760.984118989038
1784,761.035249280953
1785,761.086379572868
1786,761.137509864783
1787,761.188640156698
1788,761.239770448613
1789,761.290900740528
1790,761.342031032443
1791,761.393161324358
1792,761.444291616273
1793,761.495421908188
1794,761.546552200103
1795,761.597682492018
1796,761.648812783933
1797,761.699943075848
1798,761.751073367763
1799,761.802203659678
1800,761.853333951593
1801,761.904464243508
1802,761.955594535423
1803,762.006724827338
1804,762.057855119253
1805,762.108985411168
1806,762.160115703083
1807,762.211245994998
1808,762.262376286913
1809,762.313506578828
1810,762.364636870743
1811,762.415767162658
1812,762.466897454573
1813,762.518027746488
1814,762.569158038403
1815,762.620288330318
1816,762.671418622233
1817,762.722548914148
1818,762.773679206063
1819,762.824809497978
1820,762.875939789893
1821,762.927070081808
1822,762.978200373723
1823,763.029330665638
1824,763.080460957553
1825,763.131591249468
1826,763.182721541383
1827,763.233851833298
1828,763.284982125213
1829,763.336112417128
1830,763.387242709043
1831,763.438373000958
1832,763.489503292873
1833,763.540633584788
1834,763.591763876703
1835,763.642894168617
1836,763.694024460532
1837,763.745154752447
1838,763.796285044362
1839,763.847415336277
1840,763.898545628192
1841,763.949675920107
1842,764.000806212022
1843,764.051936503937
1844,764.103066795852
1845,764.154197087767
1846,764.205327379682
1847,764.256457671597
1848,764.307587963512
1849,764.358718255427
1850,764.409848547342
1851,764.460978839257
1852,764.512109131172
1853,764.563239423087
1854,764.614369715002
1855,764.665500006917
1856,764.716630298832
1857,764.767760590747
1858,764.818890882662
1859,764.870021174577
1860,764.921151466492
1861,764.972281758407
1862,765.023412050322
1863,765.074542342237
1864,765.125672634152
1865,765.176802926067
1866,765.227933217982
1867,765.279063509897
1868,765.330193801812
1869,765.381324093727
1870,765.432454385642
1871,765.483584677557
1872,765.534714969472
1873,765.585845261387
1874,765.636975553302
1875,765.688105845217
1876,765.739236137132
1877,765.790366429047
1878,765.841496720962
1879,765.892627012877
1880,765.943757304792
1881,765.994887596707
1882,766.046017888622
1883,766.097148180537
1884,766.148278472452
1885,766.199408764367
1886,766.250539056282
1887,766.301669348197
1888,766.352799640112
1889,766.403929932027
1890,766.455060223942
1891,766.506190515857
1892,766.557320807772
1893,766.608451099687
1894,766.659581391602
1895,766.710711683517
1896,766.761841975432
1897,766.812972267347
1898,766.864102559261
1899,766.915232851176
1900,766.966363143091
1901,767.017493435006
1902,767.068623726921
1903,767.119754018836
1904,767.170884310751
1905,767.222014602666
1906,767.273144894581
1907,767.324275186496
1908,767.375405478411
1909,767.426535770326
1910,767.477666062241
1911,767.528796354156
1912,767.579926646071
1913,767.631056937986
1914,767.682187229901
1915,767.733317521816
1916,767.784447813731
1917,767.835578105646
1918,767.886708397561
1919,767.937838689476
1920,767.988968981391
1921,768.040099273306
1922,768.091229565221
1923,768.142359857136
1924,768.193490149051
1925,768.244620440966
1926,768.295750732881
1927,768.346881024796
1928,768.398011316711
1929,768.449141608626
1930,768.500271900541
1931,768.551402192456
1932,768.602532484371
1933,768.653662776286
1934,768.704793068201
1935,768.755923360116
1936,768.807053652031
1937,768.858183943946
1938,768.909314235861
1939,768.960444527776
1940,769.011574819691
1941,769.062705111606
1942,769.113835403521
1943,769.164965695436
1944,769.216095987351
1945,769.267226279266
1946,769.318356571181
1947,769.369486863096
1948,769.420617155011
1949,769.471747446926
1950,769.522877738841
1951,769.574008030756
1952,769.625138322671
1953,769.676268614586
1954,769.727398906501
1955,769.778529198416
1956,769.829659490331
1957,769.880789782246
1958,769.931920074161
1959,769.983050366076
1960,770.034180657991
1961,770.085310949906
1962,770.136441241821
1963,770.187571533736
1964,770.238701825651
1965,770.289832117566
1966,770.340962409481
1967,770.392092701395
1968,770.44322299331
1969,770.494353285225
1970,770.54548357714
1971,770.596613869055
1972,770.64774416097
1973,770.698874452885
1974,770.7500047448
1975,770.801135036715
1976,770.85226532863
1977,770.903395620545
1978,770.95452591246
1979,771.005656204375
1980,771.05678649629
1981,771.107916788205
1982,771.15904708012
1983,771.210177372035
1984,771.26130766395
1985,771.312437955865
1986,771.36356824778
1987,771.414698539695
1988,771.46582883161
1989,771.516959123525
1990,771.56808941544
1991,771.619219707355
1992,771.67034999927
1993,771.721480291185
1994,771.7726105831
1995,771.823740875015
1996,771.87487116693
1997,771.926001458845
1998,771.97713175076
1999,772.028262042675
2000,772.07939233459
2001,772.130522626505
2002,772.18165291842
2003,772.232783210335
2004,772.28391350225
2005,772.335043794165
2006,772.38617408608
2007,772.437304377995
2008,772.48843466991
2009,772.539564961825
2010,772.59069525374
2011,772.641825545655
2012,772.69295583757
2013,772.744086129485
2014,772.7952164214
2015,772.846346713315
2016,772.89747700523
2017,772.948607297145
2018,772.99973758906
2019,773.050867880975
2020,773.10199817289
2021,773.153128464805
2022,773.20425875672
2023,773.255389048635
2024,773.30651934055
2025,773.357649632465
2026,773.40877992438
2027,773.459910216295
2028,773.51104050821
2029,773.562170800124
2030,773.613301092039
2031,773.664431383954
2032,773.715561675869
2033,773.766691967784
2034,773.817822259699
2035,773.868952551614
2036,773.920082843529
2037,773.971213135444
2038,774.022343427359
2039,774.073473719274
2040,774.124604011189
2041,774.175734303104
2042,774.226864595019
2043,774.277994886934
2044,774.329125178849
2045,774.380255470764
2046,774.431385762679
2047,774.482516054594
2048,774.533646346509
2049,774.584776638424
2050,774.635906930339
2051,774.687037222254
2052,774.738167514169
2053,774.789297806084
2054,774.840428097999
2055,774.891558389914
2056,774.942688681829
2057,774.993818973744
2058,775.044949265659
2059,775.096079557574
2060,775.147209849489
2061,775.198340141404
2062,775.249470433319
2063,775.300600725234
2064,775.351731017149
2065,775.402861309064
2066,775.453991600979
2067,775.505121892894
2068,775.556252184809
2069,775.607382476724
2070,775.658512768639
2071,775.709643060554
2072,775.760773352469
2073,775.811903644384
2074,775.863033936299
2075,775.914164228214
2076,775.965294520129
2077,776.016424812044
2078,776.067555103959
2079,776.118685395874
2080,776.169815687789
2081,776.220945979704
2082,776.272076271619
2083,776.323206563534
2084,776.374336855449
2085,776.425467147364
2086,776.476597439279
2087,776.527727731194
2088,776.578858023109
2089,776.629988315024
2090,776.681118606939
2091,776.732248898854
2092,776.783379190769
2093,776.834509482684
2094,776.885639774599
2095,776.936770066514
2096,776.987900358429
2097,777.039030650344
2098,777.090160942259
2099,777.141291234173
2100,777.192421526088
2101,777.243551818003
2102,777.294682109918
2103,777.345812401833
2104,777.396942693748
2105,777.448072985663
2106,777.499203277578
2107,777.550333569493
2108,777.601463861408
2109,777.652594153323
2110,777.703724445238
2111,777.754854737153
2112,777.805985029068
2113,777.857115320983
2114,777.908245612898
2115,777.959375904813
2116,778.010506196728
2117,778.061636488643
2118,778.112766780558
2119,778.163897072473
2120,778.215027364388
2121,778.266157656303
2122,778.317287948218
2123,778.368418240133
2124,778.419548532048
2125,778.470678823963
2126,778.521809115878
2127,778.572939407793
2128,778.624069699708
2129,778.675199991623
2130,778.726330283538
2131,778.777460575453
2132,778.828590867368
2133,778.879721159283
2134,778.930851451198
2135,778.981981743113
2136,779.033112035028
2137,779.084242326943
2138,779.135372618858
2139,779.186502910773
2140,779.237633202688
2141,779.288763494603
2142,779.339893786518
2143,779.391024078433
2144,779.442154370348
2145,779.493284662263
2146,779.544414954178
2147,779.595545246093
2148,779.646675538008
2149,779.697805829923
2150,779.748936121838
2151,779.800066413753
2152,779.851196705668
2153,779.902326997583
2154,779.953457289498
2155,780.004587581413
2156,780.055717873328
2157,780.106848165243
2158,780.157978457158
2159,780.209108749073
2160,780.260239040988
